calculation_id,created_at,status,reason_code,reason,raw_request,product_type,model,width_cm,height_cm,quantity,model_status,fabric,fabric_width_cm,fabric_price,fabric_price_type,fabric_layout,fabric_consumption_m,fabric_cost,recipe_id,operations,extras,operation_cost,known_components_total,retail_price,retail_price_status,explanation
0f16f66d-8813-481b-b152-8c6bfa242fb5,2026-09-05T13:24:31.097897+00:00,success,,,Две шторы Вандер 130×280,curtain,Вандер,130.0,280.0,2,active,Вандер,280,1050,RRC,rotated_shared,3.0,3150.0,CURTAIN_BASE,"Крепление портьеры: Шторная лента 6 см белая, без слоя [OP_001]: 2.6 × 120.0 = 312.0 ₽; Боковые швы: 2х2 [OP_044]: 11.2 × 50.0 = 560.0 ₽; Нижний шов: 10х10 [OP_060]: 2.6 × 70.0 = 182.0 ₽; Сборка шторной ленты: Стандарт [OP_043]: 2.6 × 35.0 = 91.0 ₽; Упаковка портьеры: Чехол ПВХ/спандбонд + картон [OP_061]: 2.0 × 130.0 = 260.0 ₽",,1405.0,4555.0,,,"Высота с запасом не помещается в ширину ткани, поэтому шторы развёрнуты. В одном отрезе помещается 2 шт.; требуется отрезов: 1."
fb5e7c16-eb4f-4d78-a95f-4964b9e6256b,2026-09-05T14:05:52.127390+00:00,success,,,"{""smoke_test"": true}",roman,Бархат+,100.0,180.0,1,active,Репаблик,300,1240,RRC,standard,1.1,1364.0,ROMAN_BASE,Пошив римской шторы: Стандартная сборка [OP_106]: 5.6 × 80.0 = 448.0 ₽; Механизм: Стандарт [OP_111]: 1.0 × 2500.0 = 2500.0 ₽; Крепления к механизму: Кулиска + Кольца [OP_115]: 1.8 × 590.0 = 1062.0 ₽; Монтаж римской шторы: Стандарт [OP_117]: 1.8 × 130.0 = 234.0 ₽,,4244.0,5608.0,5608.0,CALCULATED,Расход римской шторы равен её ширине + 10 см на каждое изделие.
0c8a3ad6-2d4a-4219-8119-e5528004417b,2026-09-05T14:05:52.128536+00:00,success,,,"{""smoke_test"": true}",roman,Билли,100.0,180.0,1,active,Билли,180,1575,RRC,standard,1.1,1732.5,ROMAN_BASE,Пошив римской шторы: Стандартная сборка [OP_106]: 5.6 × 80.0 = 448.0 ₽; Механизм: Стандарт [OP_111]: 1.0 × 2500.0 = 2500.0 ₽; Крепления к механизму: Кулиска + Кольца [OP_115]: 1.8 × 590.0 = 1062.0 ₽; Монтаж римской шторы: Стандарт [OP_117]: 1.8 × 130.0 = 234.0 ₽,,4244.0,5976.5,5976.5,CALCULATED,Расход римской шторы равен её ширине + 10 см на каждое изделие.
52aa9868-de35-4eb1-b969-f9bfa89002ba,2026-09-05T14:05:52.129191+00:00,success,,,"{""smoke_test"": true}",roman,Вандер,100.0,180.0,1,active,Вандер,280,1050,RRC,standard,1.1,1155.0,ROMAN_BASE,Пошив римской шторы: Стандартная сборка [OP_106]: 5.6 × 80.0 = 448.0 ₽; Механизм: Стандарт [OP_111]: 1.0 × 2500.0 = 2500.0 ₽; Крепления к механизму: Кулиска + Кольца [OP_115]: 1.8 × 590.0 = 1062.0 ₽; Монтаж римской шторы: Стандарт [OP_117]: 1.8 × 130.0 = 234.0 ₽,,4244.0,5399.0,5399.0,CALCULATED,Расход римской шторы равен её ширине + 10 см на каждое изделие.
358f28ad-c9eb-4c8f-817a-72c6f56c4b05,2026-09-05T14:05:52.129767+00:00,success,,,"{""smoke_test"": true}",roman,Дея,100.0,180.0,1,active,Дея,180,1510,RRC,standard,1.1,1661.0,ROMAN_BASE,Пошив римской шторы: Стандартная сборка [OP_106]: 5.6 × 80.0 = 448.0 ₽; Механизм: Стандарт [OP_111]: 1.0 × 2500.0 = 2500.0 ₽; Крепления к механизму: Кулиска + Кольца [OP_115]: 1.8 × 590.0 = 1062.0 ₽; Монтаж римской шторы: Стандарт [OP_117]: 1.8 × 130.0 = 234.0 ₽,,4244.0,5905.0,5905.0,CALCULATED,Расход римской шторы равен её ширине + 10 см на каждое изделие.
d3087479-526a-452e-93c1-ad230712b8a7,2026-09-05T14:05:52.130346+00:00,success,,,"{""smoke_test"": true}",roman,Дриада,100.0,180.0,1,active,Дриада,180,1510,RRC,standard,1.1,1661.0,ROMAN_BASE,Пошив римской шторы: Стандартная сборка [OP_106]: 5.6 × 80.0 = 448.0 ₽; Механизм: Стандарт [OP_111]: 1.0 × 2500.0 = 2500.0 ₽; Крепления к механизму: Кулиска + Кольца [OP_115]: 1.8 × 590.0 = 1062.0 ₽; Монтаж римской шторы: Стандарт [OP_117]: 1.8 × 130.0 = 234.0 ₽,,4244.0,5905.0,5905.0,CALCULATED,Расход римской шторы равен её ширине + 10 см на каждое изделие.
f8123938-fd25-4c32-9573-e75bd8490da0,2026-09-05T14:05:52.130893+00:00,success,,,"{""smoke_test"": true}",roman,Ибица,100.0,180.0,1,active,Ибица,300,2835,RRC,standard,1.1,3118.5,ROMAN_BASE,Пошив римской шторы: Стандартная сборка [OP_106]: 5.6 × 80.0 = 448.0 ₽; Механизм: Стандарт [OP_111]: 1.0 × 2500.0 = 2500.0 ₽; Крепления к механизму: Кулиска + Кольца [OP_115]: 1.8 × 590.0 = 1062.0 ₽; Монтаж римской шторы: Стандарт [OP_117]: 1.8 × 130.0 = 234.0 ₽,,4244.0,7362.5,7362.5,CALCULATED,Расход римской шторы равен её ширине + 10 см на каждое изделие.
ff43547a-512d-4e02-840b-c913305f2564,2026-09-05T14:05:52.131443+00:00,success,,,"{""smoke_test"": true}",roman,Иви,100.0,180.0,1,active,Иви,300,1420,RRC,standard,1.1,1562.0,ROMAN_BASE,Пошив римской шторы: Стандартная сборка [OP_106]: 5.6 × 80.0 = 448.0 ₽; Механизм: Стандарт [OP_111]: 1.0 × 2500.0 = 2500.0 ₽; Крепления к механизму: Кулиска + Кольца [OP_115]: 1.8 × 590.0 = 1062.0 ₽; Монтаж римской шторы: Стандарт [OP_117]: 1.8 × 130.0 = 234.0 ₽,,4244.0,5806.0,5806.0,CALCULATED,Расход римской шторы равен её ширине + 10 см на каждое изделие.
9a858964-74b0-4f8e-a4ab-0fc4b14d7614,2026-09-05T14:05:52.132005+00:00,success,,,"{""smoke_test"": true}",roman,Кембридж,100.0,180.0,1,active,Кембридж,180,1510,RRC,standard,1.1,1661.0,ROMAN_BASE,Пошив римской шторы: Стандартная сборка [OP_106]: 5.6 × 80.0 = 448.0 ₽; Механизм: Стандарт [OP_111]: 1.0 × 2500.0 = 2500.0 ₽; Крепления к механизму: Кулиска + Кольца [OP_115]: 1.8 × 590.0 = 1062.0 ₽; Монтаж римской шторы: Стандарт [OP_117]: 1.8 × 130.0 = 234.0 ₽,,4244.0,5905.0,5905.0,CALCULATED,Расход римской шторы равен её ширине + 10 см на каждое изделие.
f28e55b9-1ca9-48b6-8ad5-e3ea7d8bc80f,2026-09-05T14:05:52.132563+00:00,success,,,"{""smoke_test"": true}",roman,Кристи,100.0,180.0,1,active,Кристи,180,1510,RRC,standard,1.1,1661.0,ROMAN_BASE,Пошив римской шторы: Стандартная сборка [OP_106]: 5.6 × 80.0 = 448.0 ₽; Механизм: Стандарт [OP_111]: 1.0 × 2500.0 = 2500.0 ₽; Крепления к механизму: Кулиска + Кольца [OP_115]: 1.8 × 590.0 = 1062.0 ₽; Монтаж римской шторы: Стандарт [OP_117]: 1.8 × 130.0 = 234.0 ₽,,4244.0,5905.0,5905.0,CALCULATED,Расход римской шторы равен её ширине + 10 см на каждое изделие.
60343da6-2fd2-4320-ad8b-1a7f90f4b280,2026-09-05T14:05:52.133156+00:00,success,,,"{""smoke_test"": true}",roman,Лайм,100.0,180.0,1,active,Лайм,300,1510,RRC,standard,1.1,1661.0,ROMAN_BASE,Пошив римской шторы: Стандартная сборка [OP_106]: 5.6 × 80.0 = 448.0 ₽; Механизм: Стандарт [OP_111]: 1.0 × 2500.0 = 2500.0 ₽; Крепления к механизму: Кулиска + Кольца [OP_115]: 1.8 × 590.0 = 1062.0 ₽; Монтаж римской шторы: Стандарт [OP_117]: 1.8 × 130.0 = 234.0 ₽,,4244.0,5905.0,5905.0,CALCULATED,Расход римской шторы равен её ширине + 10 см на каждое изделие.
64e303c7-e192-4cd4-b489-d2d70ef98b1a,2026-09-05T14:05:52.133770+00:00,success,,,"{""smoke_test"": true}",roman,Майкл,100.0,180.0,1,active,Майкл,180,1180,RRC,standard,1.1,1298.0,ROMAN_BASE,Пошив римской шторы: Стандартная сборка [OP_106]: 5.6 × 80.0 = 448.0 ₽; Механизм: Стандарт [OP_111]: 1.0 × 2500.0 = 2500.0 ₽; Крепления к механизму: Кулиска + Кольца [OP_115]: 1.8 × 590.0 = 1062.0 ₽; Монтаж римской шторы: Стандарт [OP_117]: 1.8 × 130.0 = 234.0 ₽,,4244.0,5542.0,5542.0,CALCULATED,Расход римской шторы равен её ширине + 10 см на каждое изделие.
7c356c16-5b7d-41f7-8e73-8101d730327a,2026-09-05T14:05:52.134328+00:00,success,,,"{""smoke_test"": true}",roman,Марси,100.0,180.0,1,active,Марси,180,1510,RRC,standard,1.1,1661.0,ROMAN_BASE,Пошив римской шторы: Стандартная сборка [OP_106]: 5.6 × 80.0 = 448.0 ₽; Механизм: Стандарт [OP_111]: 1.0 × 2500.0 = 2500.0 ₽; Крепления к механизму: Кулиска + Кольца [OP_115]: 1.8 × 590.0 = 1062.0 ₽; Монтаж римской шторы: Стандарт [OP_117]: 1.8 × 130.0 = 234.0 ₽,,4244.0,5905.0,5905.0,CALCULATED,Расход римской шторы равен её ширине + 10 см на каждое изделие.
bbb234a1-af6c-4024-9781-e5af59b3c5a9,2026-09-05T14:05:52.134848+00:00,success,,,"{""smoke_test"": true}",roman,Минас,100.0,180.0,1,active,Минас,180,1495,RRC,standard,1.1,1644.5,ROMAN_BASE,Пошив римской шторы: Стандартная сборка [OP_106]: 5.6 × 80.0 = 448.0 ₽; Механизм: Стандарт [OP_111]: 1.0 × 2500.0 = 2500.0 ₽; Крепления к механизму: Кулиска + Кольца [OP_115]: 1.8 × 590.0 = 1062.0 ₽; Монтаж римской шторы: Стандарт [OP_117]: 1.8 × 130.0 = 234.0 ₽,,4244.0,5888.5,5888.5,CALCULATED,Расход римской шторы равен её ширине + 10 см на каждое изделие.
d00d1c82-3afa-4363-9810-911fabbe2653,2026-09-05T14:05:52.135337+00:00,success,,,"{""smoke_test"": true}",roman,Мириам,100.0,180.0,1,active,Мириам,280,1190,RRC,standard,1.1,1309.0,ROMAN_BASE,Пошив римской шторы: Стандартная сборка [OP_106]: 5.6 × 80.0 = 448.0 ₽; Механизм: Стандарт [OP_111]: 1.0 × 2500.0 = 2500.0 ₽; Крепления к механизму: Кулиска + Кольца [OP_115]: 1.8 × 590.0 = 1062.0 ₽; Монтаж римской шторы: Стандарт [OP_117]: 1.8 × 130.0 = 234.0 ₽,,4244.0,5553.0,5553.0,CALCULATED,Расход римской шторы равен её ширине + 10 см на каждое изделие.
fb677cc3-e405-4147-9f58-f5f7b5c0de24,2026-09-05T14:05:52.135847+00:00,success,,,"{""smoke_test"": true}",roman,Мистери,100.0,180.0,1,active,Мистери,220,1575,RRC,standard,1.1,1732.5,ROMAN_BASE,Пошив римской шторы: Стандартная сборка [OP_106]: 5.6 × 80.0 = 448.0 ₽; Механизм: Стандарт [OP_111]: 1.0 × 2500.0 = 2500.0 ₽; Крепления к механизму: Кулиска + Кольца [OP_115]: 1.8 × 590.0 = 1062.0 ₽; Монтаж римской шторы: Стандарт [OP_117]: 1.8 × 130.0 = 234.0 ₽,,4244.0,5976.5,5976.5,CALCULATED,Расход римской шторы равен её ширине + 10 см на каждое изделие.
61de8286-0bb1-4d3c-96cb-0ea642b989c5,2026-09-05T14:05:52.136344+00:00,success,,,"{""smoke_test"": true}",roman,Нова,100.0,180.0,1,active,Нова,280,3435,RRC,standard,1.1,3778.5,ROMAN_BASE,Пошив римской шторы: Стандартная сборка [OP_106]: 5.6 × 80.0 = 448.0 ₽; Механизм: Стандарт [OP_111]: 1.0 × 2500.0 = 2500.0 ₽; Крепления к механизму: Кулиска + Кольца [OP_115]: 1.8 × 590.0 = 1062.0 ₽; Монтаж римской шторы: Стандарт [OP_117]: 1.8 × 130.0 = 234.0 ₽,,4244.0,8022.5,8022.5,CALCULATED,Расход римской шторы равен её ширине + 10 см на каждое изделие.
d56be810-313a-44aa-b87e-cb35d9aa654a,2026-09-05T14:05:52.136847+00:00,success,,,"{""smoke_test"": true}",roman,Нэнси,100.0,180.0,1,active,Нэнси,180,1510,RRC,standard,1.1,1661.0,ROMAN_BASE,Пошив римской шторы: Стандартная сборка [OP_106]: 5.6 × 80.0 = 448.0 ₽; Механизм: Стандарт [OP_111]: 1.0 × 2500.0 = 2500.0 ₽; Крепления к механизму: Кулиска + Кольца [OP_115]: 1.8 × 590.0 = 1062.0 ₽; Монтаж римской шторы: Стандарт [OP_117]: 1.8 × 130.0 = 234.0 ₽,,4244.0,5905.0,5905.0,CALCULATED,Расход римской шторы равен её ширине + 10 см на каждое изделие.
90389b9f-47f8-4ff9-bcfe-c9b65ddb2336,2026-09-05T14:05:52.137341+00:00,success,,,"{""smoke_test"": true}",roman,Рири,100.0,180.0,1,active,Рири,180,1510,RRC,standard,1.1,1661.0,ROMAN_BASE,Пошив римской шторы: Стандартная сборка [OP_106]: 5.6 × 80.0 = 448.0 ₽; Механизм: Стандарт [OP_111]: 1.0 × 2500.0 = 2500.0 ₽; Крепления к механизму: Кулиска + Кольца [OP_115]: 1.8 × 590.0 = 1062.0 ₽; Монтаж римской шторы: Стандарт [OP_117]: 1.8 × 130.0 = 234.0 ₽,,4244.0,5905.0,5905.0,CALCULATED,Расход римской шторы равен её ширине + 10 см на каждое изделие.
6509c6b0-1264-4ec8-9ed6-3f8326778f58,2026-09-05T14:05:52.137835+00:00,success,,,"{""smoke_test"": true}",roman,Сири,100.0,180.0,1,active,Сири,180,1510,RRC,standard,1.1,1661.0,ROMAN_BASE,Пошив римской шторы: Стандартная сборка [OP_106]: 5.6 × 80.0 = 448.0 ₽; Механизм: Стандарт [OP_111]: 1.0 × 2500.0 = 2500.0 ₽; Крепления к механизму: Кулиска + Кольца [OP_115]: 1.8 × 590.0 = 1062.0 ₽; Монтаж римской шторы: Стандарт [OP_117]: 1.8 × 130.0 = 234.0 ₽,,4244.0,5905.0,5905.0,CALCULATED,Расход римской шторы равен её ширине + 10 см на каждое изделие.
3ab58e0e-c082-478e-9603-57206a9a94b3,2026-09-05T14:05:52.138350+00:00,success,,,"{""smoke_test"": true}",roman,Тина,100.0,180.0,1,active,Софт,280,990,RRC,standard,1.1,1089.0,ROMAN_BASE,Пошив римской шторы: Стандартная сборка [OP_106]: 5.6 × 80.0 = 448.0 ₽; Механизм: Стандарт [OP_111]: 1.0 × 2500.0 = 2500.0 ₽; Крепления к механизму: Кулиска + Кольца [OP_115]: 1.8 × 590.0 = 1062.0 ₽; Монтаж римской шторы: Стандарт [OP_117]: 1.8 × 130.0 = 234.0 ₽,,4244.0,5333.0,5333.0,CALCULATED,Расход римской шторы равен её ширине + 10 см на каждое изделие.
8bf9cd57-8270-43df-9c6d-58b04ff6d73f,2026-09-05T14:05:52.138841+00:00,success,,,"{""smoke_test"": true}",roman,Уолис,100.0,180.0,1,active,Уолис,180,1180,RRC,standard,1.1,1298.0,ROMAN_BASE,Пошив римской шторы: Стандартная сборка [OP_106]: 5.6 × 80.0 = 448.0 ₽; Механизм: Стандарт [OP_111]: 1.0 × 2500.0 = 2500.0 ₽; Крепления к механизму: Кулиска + Кольца [OP_115]: 1.8 × 590.0 = 1062.0 ₽; Монтаж римской шторы: Стандарт [OP_117]: 1.8 × 130.0 = 234.0 ₽,,4244.0,5542.0,5542.0,CALCULATED,Расход римской шторы равен её ширине + 10 см на каждое изделие.
f3882429-4e2c-437f-b454-403f5a072c50,2026-09-05T14:05:52.139348+00:00,success,,,"{""smoke_test"": true}",roman,Хинди,100.0,180.0,1,active,Хинди,180,1510,RRC,standard,1.1,1661.0,ROMAN_BASE,Пошив римской шторы: Стандартная сборка [OP_106]: 5.6 × 80.0 = 448.0 ₽; Механизм: Стандарт [OP_111]: 1.0 × 2500.0 = 2500.0 ₽; Крепления к механизму: Кулиска + Кольца [OP_115]: 1.8 × 590.0 = 1062.0 ₽; Монтаж римской шторы: Стандарт [OP_117]: 1.8 × 130.0 = 234.0 ₽,,4244.0,5905.0,5905.0,CALCULATED,Расход римской шторы равен её ширине + 10 см на каждое изделие.
f834961f-cbb6-4dee-bbaf-539c7337a556,2026-09-05T14:05:52.139857+00:00,success,,,"{""smoke_test"": true}",roman,Эзра,100.0,180.0,1,active,Эзра,180,1510,RRC,standard,1.1,1661.0,ROMAN_BASE,Пошив римской шторы: Стандартная сборка [OP_106]: 5.6 × 80.0 = 448.0 ₽; Механизм: Стандарт [OP_111]: 1.0 × 2500.0 = 2500.0 ₽; Крепления к механизму: Кулиска + Кольца [OP_115]: 1.8 × 590.0 = 1062.0 ₽; Монтаж римской шторы: Стандарт [OP_117]: 1.8 × 130.0 = 234.0 ₽,,4244.0,5905.0,5905.0,CALCULATED,Расход римской шторы равен её ширине + 10 см на каждое изделие.
5f6d705d-8e38-44c0-b1a9-b9ab58ce7ade,2026-09-05T14:05:52.140349+00:00,success,,,"{""smoke_test"": true}",curtain,Алан,100.0,170.0,1,active,Алан,180,1180,RRC,standard,1.2,1416.0,CURTAIN_BASE,"Крепление портьеры: Шторная лента 6 см белая, без слоя [OP_001]: 1.0 × 120.0 = 120.0 ₽; Боковые швы: 2х2 [OP_044]: 3.4 × 50.0 = 170.0 ₽; Нижний шов: 10х10 [OP_060]: 1.0 × 70.0 = 70.0 ₽; Сборка шторной ленты: Стандарт [OP_043]: 1.0 × 35.0 = 35.0 ₽; Упаковка портьеры: Чехол ПВХ/спандбонд + картон [OP_061]: 1.0 × 130.0 = 130.0 ₽",,525.0,1941.0,1941.0,CALCULATED,Высота изделия с технологическим запасом 10 см помещается в ширину ткани; расход равен ширине изделия + 20 см на каждую штору.
5545a774-f990-46b2-873a-80a8253c4d72,2026-09-05T14:05:52.140568+00:00,unavailable,PROBLEMATIC_MODEL,Нет привязки к ткани. Расчет временно недоступен. Вышивка «Амми» по всей площади: 310 ₽/м².,"{""smoke_test"": true}",curtain,Амми,100.0,200.0,1,problematic,,,,,,,,CURTAIN_BASE,,,,,,,
9abdf318-802c-4551-b775-dd0d70944b47,2026-09-05T14:05:52.140752+00:00,unavailable,PROBLEMATIC_MODEL,Нет привязки к ткани. Расчет временно недоступен.,"{""smoke_test"": true}",curtain,Анди,100.0,200.0,1,problematic,,,,,,,,CURTAIN_BASE,,,,,,,
0e2391bf-3055-4f1a-824e-0929a0cf5899,2026-09-05T14:05:52.141233+00:00,success,,,"{""smoke_test"": true}",curtain,Аника,100.0,270.0,1,active,Ибица,300,2835,RRC,standard,1.2,3402.0,CURTAIN_BASE,"Крепление портьеры: Шторная лента 6 см белая, без слоя [OP_001]: 1.0 × 120.0 = 120.0 ₽; Боковые швы: 2х2 [OP_044]: 5.4 × 50.0 = 270.0 ₽; Нижний шов: 10х10 [OP_060]: 1.0 × 70.0 = 70.0 ₽; Сборка шторной ленты: Стандарт [OP_043]: 1.0 × 35.0 = 35.0 ₽; Упаковка портьеры: Чехол ПВХ/спандбонд + картон [OP_061]: 1.0 × 130.0 = 130.0 ₽",Вышивка по всей площади: Аника [OP_071]: 2.7 × 910.0 = 2457.0 ₽,625.0,6484.0,6484.0,CALCULATED,Высота изделия с технологическим запасом 10 см помещается в ширину ткани; расход равен ширине изделия + 20 см на каждую штору.
6ef7e710-91f3-486c-b571-d46b6018a458,2026-09-05T14:05:52.141729+00:00,success,,,"{""smoke_test"": true}",curtain,Астер,100.0,270.0,1,active,Астер,300,3000,RRC,standard,1.2,3600.0,CURTAIN_BASE,"Крепление портьеры: Шторная лента 6 см белая, без слоя [OP_001]: 1.0 × 120.0 = 120.0 ₽; Боковые швы: 2х2 [OP_044]: 5.4 × 50.0 = 270.0 ₽; Нижний шов: 10х10 [OP_060]: 1.0 × 70.0 = 70.0 ₽; Сборка шторной ленты: Стандарт [OP_043]: 1.0 × 35.0 = 35.0 ₽; Упаковка портьеры: Чехол ПВХ/спандбонд + картон [OP_061]: 1.0 × 130.0 = 130.0 ₽",,625.0,4225.0,4225.0,CALCULATED,Высота изделия с технологическим запасом 10 см помещается в ширину ткани; расход равен ширине изделия + 20 см на каждую штору.
2c2f30ef-5360-4798-9305-65816c7969ed,2026-09-05T14:05:52.142216+00:00,success,,,"{""smoke_test"": true}",curtain,Бадди,100.0,270.0,1,active,Бадди,310,3465,RRC,standard,1.2,4158.0,CURTAIN_BASE,"Крепление портьеры: Шторная лента 6 см белая, без слоя [OP_001]: 1.0 × 120.0 = 120.0 ₽; Боковые швы: 2х2 [OP_044]: 5.4 × 50.0 = 270.0 ₽; Нижний шов: 10х10 [OP_060]: 1.0 × 70.0 = 70.0 ₽; Сборка шторной ленты: Стандарт [OP_043]: 1.0 × 35.0 = 35.0 ₽; Упаковка портьеры: Чехол ПВХ/спандбонд + картон [OP_061]: 1.0 × 130.0 = 130.0 ₽",,625.0,4783.0,4783.0,CALCULATED,Высота изделия с технологическим запасом 10 см помещается в ширину ткани; расход равен ширине изделия + 20 см на каждую штору.
2b4886d0-ade0-4441-bb9c-5fb89387fd0a,2026-09-05T14:05:52.142739+00:00,success,,,"{""smoke_test"": true}",curtain,Бархат,100.0,270.0,1,active,Репаблик,300,1240,RRC,standard,1.2,1488.0,CURTAIN_BASE,"Крепление портьеры: Шторная лента 6 см белая, без слоя [OP_001]: 1.0 × 120.0 = 120.0 ₽; Боковые швы: 2х2 [OP_044]: 5.4 × 50.0 = 270.0 ₽; Нижний шов: 10х10 [OP_060]: 1.0 × 70.0 = 70.0 ₽; Сборка шторной ленты: Стандарт [OP_043]: 1.0 × 35.0 = 35.0 ₽; Упаковка портьеры: Чехол ПВХ/спандбонд + картон [OP_061]: 1.0 × 130.0 = 130.0 ₽",,625.0,2113.0,2113.0,CALCULATED,Высота изделия с технологическим запасом 10 см помещается в ширину ткани; расход равен ширине изделия + 20 см на каждую штору.
f60183e6-5425-4bba-af38-75746ffa9659,2026-09-05T14:05:52.143224+00:00,success,,,"{""smoke_test"": true}",curtain,Билли,100.0,170.0,1,active,Билли,180,1575,RRC,standard,1.2,1890.0,CURTAIN_BASE,"Крепление портьеры: Шторная лента 6 см белая, без слоя [OP_001]: 1.0 × 120.0 = 120.0 ₽; Боковые швы: 2х2 [OP_044]: 3.4 × 50.0 = 170.0 ₽; Нижний шов: 10х10 [OP_060]: 1.0 × 70.0 = 70.0 ₽; Сборка шторной ленты: Стандарт [OP_043]: 1.0 × 35.0 = 35.0 ₽; Упаковка портьеры: Чехол ПВХ/спандбонд + картон [OP_061]: 1.0 × 130.0 = 130.0 ₽",,525.0,2415.0,2415.0,CALCULATED,Высота изделия с технологическим запасом 10 см помещается в ширину ткани; расход равен ширине изделия + 20 см на каждую штору.
54945634-d886-407c-abb4-78ebc7f1de65,2026-09-05T14:05:52.143721+00:00,success,,,"{""smoke_test"": true}",curtain,Блэк,100.0,270.0,1,active,Блэк,280,1280,RRC,standard,1.2,1536.0,CURTAIN_BASE,"Крепление портьеры: Шторная лента 6 см белая, без слоя [OP_001]: 1.0 × 120.0 = 120.0 ₽; Боковые швы: 2х2 [OP_044]: 5.4 × 50.0 = 270.0 ₽; Нижний шов: 10х10 [OP_060]: 1.0 × 70.0 = 70.0 ₽; Сборка шторной ленты: Стандарт [OP_043]: 1.0 × 35.0 = 35.0 ₽; Упаковка портьеры: Чехол ПВХ/спандбонд + картон [OP_061]: 1.0 × 130.0 = 130.0 ₽",,625.0,2161.0,2161.0,CALCULATED,Высота изделия с технологическим запасом 10 см помещается в ширину ткани; расход равен ширине изделия + 20 см на каждую штору.
f5b56d82-f517-4a02-876c-efa72ba6a8a1,2026-09-05T14:05:52.144230+00:00,success,,,"{""smoke_test"": true}",curtain,Блэкаут,100.0,270.0,1,active,Блэкаут,280,1010,RRC,standard,1.2,1212.0,CURTAIN_BASE,"Крепление портьеры: Шторная лента 6 см белая, без слоя [OP_001]: 1.0 × 120.0 = 120.0 ₽; Боковые швы: 2х2 [OP_044]: 5.4 × 50.0 = 270.0 ₽; Нижний шов: 10х10 [OP_060]: 1.0 × 70.0 = 70.0 ₽; Сборка шторной ленты: Стандарт [OP_043]: 1.0 × 35.0 = 35.0 ₽; Упаковка портьеры: Чехол ПВХ/спандбонд + картон [OP_061]: 1.0 × 130.0 = 130.0 ₽",,625.0,1837.0,1837.0,CALCULATED,Высота изделия с технологическим запасом 10 см помещается в ширину ткани; расход равен ширине изделия + 20 см на каждую штору.
90b83966-7cfa-42eb-952b-a53d7f2045fe,2026-09-05T14:05:52.144735+00:00,success,,,"{""smoke_test"": true}",curtain,Блэквуд,100.0,270.0,1,active,Блэкаут,280,1010,RRC,standard,1.2,1212.0,CURTAIN_BASE,"Крепление портьеры: Шторная лента 6 см белая, без слоя [OP_001]: 1.0 × 120.0 = 120.0 ₽; Боковые швы: 2х2 [OP_044]: 5.4 × 50.0 = 270.0 ₽; Нижний шов: 10х10 [OP_060]: 1.0 × 70.0 = 70.0 ₽; Сборка шторной ленты: Стандарт [OP_043]: 1.0 × 35.0 = 35.0 ₽; Упаковка портьеры: Чехол ПВХ/спандбонд + картон [OP_061]: 1.0 × 130.0 = 130.0 ₽",,625.0,1837.0,1837.0,CALCULATED,Высота изделия с технологическим запасом 10 см помещается в ширину ткани; расход равен ширине изделия + 20 см на каждую штору.
8fce59a9-0a8d-4f20-a952-ce12f8376b4d,2026-09-05T14:05:52.145290+00:00,success,,,"{""smoke_test"": true}",curtain,Бохо,100.0,270.0,1,active,Бохо,280,1085,RRC,standard,1.2,1302.0,CURTAIN_BASE,"Крепление портьеры: Шторная лента 6 см белая, без слоя [OP_001]: 1.0 × 120.0 = 120.0 ₽; Боковые швы: 2х2 [OP_044]: 5.4 × 50.0 = 270.0 ₽; Нижний шов: 10х10 [OP_060]: 1.0 × 70.0 = 70.0 ₽; Сборка шторной ленты: Стандарт [OP_043]: 1.0 × 35.0 = 35.0 ₽; Упаковка портьеры: Чехол ПВХ/спандбонд + картон [OP_061]: 1.0 × 130.0 = 130.0 ₽",,625.0,1927.0,1927.0,CALCULATED,Высота изделия с технологическим запасом 10 см помещается в ширину ткани; расход равен ширине изделия + 20 см на каждую штору.
d8742c31-cf57-410b-a487-2df52a52b8c4,2026-09-05T14:05:52.145797+00:00,success,,,"{""smoke_test"": true}",curtain,Бохо +,100.0,270.0,1,active,Бохо,280,1085,RRC,standard,1.2,1302.0,CURTAIN_BASE,"Крепление портьеры: Шторная лента 6 см белая, без слоя [OP_001]: 1.0 × 120.0 = 120.0 ₽; Боковые швы: 2х2 [OP_044]: 5.4 × 50.0 = 270.0 ₽; Нижний шов: 10х10 [OP_060]: 1.0 × 70.0 = 70.0 ₽; Сборка шторной ленты: Стандарт [OP_043]: 1.0 × 35.0 = 35.0 ₽; Упаковка портьеры: Чехол ПВХ/спандбонд + картон [OP_061]: 1.0 × 130.0 = 130.0 ₽",,625.0,1927.0,1927.0,CALCULATED,Высота изделия с технологическим запасом 10 см помещается в ширину ткани; расход равен ширине изделия + 20 см на каждую штору.
29c42a1e-015a-45ff-b593-7de972c16676,2026-09-05T14:05:52.146317+00:00,success,,,"{""smoke_test"": true}",curtain,Бриджит,100.0,270.0,1,active,Софт,280,990,RRC,standard,1.2,1188.0,CURTAIN_BASE,"Крепление портьеры: Шторная лента 6 см белая, без слоя [OP_001]: 1.0 × 120.0 = 120.0 ₽; Боковые швы: 2х2 [OP_044]: 5.4 × 50.0 = 270.0 ₽; Нижний шов: 10х10 [OP_060]: 1.0 × 70.0 = 70.0 ₽; Сборка шторной ленты: Стандарт [OP_043]: 1.0 × 35.0 = 35.0 ₽; Упаковка портьеры: Чехол ПВХ/спандбонд + картон [OP_061]: 1.0 × 130.0 = 130.0 ₽",Вышивка с одной стороны: Бриджит [OP_083]: 2.7 × 500.0 = 1350.0 ₽,625.0,3163.0,3163.0,CALCULATED,Высота изделия с технологическим запасом 10 см помещается в ширину ткани; расход равен ширине изделия + 20 см на каждую штору.
ac0720fc-7f66-4e04-b944-6c4be19df70f,2026-09-05T14:05:52.146827+00:00,success,,,"{""smoke_test"": true}",curtain,Бэлли,100.0,270.0,1,active,Софт,280,990,RRC,standard,1.2,1188.0,CURTAIN_BASE,"Крепление портьеры: Шторная лента 6 см белая, без слоя [OP_001]: 1.0 × 120.0 = 120.0 ₽; Боковые швы: 2х2 [OP_044]: 5.4 × 50.0 = 270.0 ₽; Нижний шов: 10х10 [OP_060]: 1.0 × 70.0 = 70.0 ₽; Сборка шторной ленты: Стандарт [OP_043]: 1.0 × 35.0 = 35.0 ₽; Упаковка портьеры: Чехол ПВХ/спандбонд + картон [OP_061]: 1.0 × 130.0 = 130.0 ₽",Вышивка по всей площади: Бэлли [OP_072]: 2.7 × 510.0 = 1377.0 ₽,625.0,3190.0,3190.0,CALCULATED,Высота изделия с технологическим запасом 10 см помещается в ширину ткани; расход равен ширине изделия + 20 см на каждую штору.
78c16f5e-c7b3-44f0-889c-d83dfc050497,2026-09-05T14:05:52.147328+00:00,success,,,"{""smoke_test"": true}",curtain,Вайн,100.0,270.0,1,active,Ибица,300,2835,RRC,standard,1.2,3402.0,CURTAIN_BASE,"Крепление портьеры: Шторная лента 6 см белая, без слоя [OP_001]: 1.0 × 120.0 = 120.0 ₽; Боковые швы: 2х2 [OP_044]: 5.4 × 50.0 = 270.0 ₽; Нижний шов: 10х10 [OP_060]: 1.0 × 70.0 = 70.0 ₽; Сборка шторной ленты: Стандарт [OP_043]: 1.0 × 35.0 = 35.0 ₽; Упаковка портьеры: Чехол ПВХ/спандбонд + картон [OP_061]: 1.0 × 130.0 = 130.0 ₽",Вышивка по всей площади: Вайн [OP_077]: 2.7 × 1240.0 = 3348.0 ₽,625.0,7375.0,7375.0,CALCULATED,Высота изделия с технологическим запасом 10 см помещается в ширину ткани; расход равен ширине изделия + 20 см на каждую штору.
d2edaf8f-428e-4a8e-bfe1-036fa45f5a51,2026-09-05T14:05:52.147856+00:00,success,,,"{""smoke_test"": true}",curtain,Валери,100.0,270.0,1,active,Каспиан/Довер,280,1470,RRC,standard,1.2,1764.0,CURTAIN_BASE,"Крепление портьеры: Шторная лента 6 см белая, без слоя [OP_001]: 1.0 × 120.0 = 120.0 ₽; Боковые швы: 2х2 [OP_044]: 5.4 × 50.0 = 270.0 ₽; Нижний шов: 10х10 [OP_060]: 1.0 × 70.0 = 70.0 ₽; Сборка шторной ленты: Стандарт [OP_043]: 1.0 × 35.0 = 35.0 ₽; Упаковка портьеры: Чехол ПВХ/спандбонд + картон [OP_061]: 1.0 × 130.0 = 130.0 ₽",Вышивка с одной стороны: Валери [OP_092]: 2.7 × 815.0 = 2200.5 ₽,625.0,4589.5,4589.5,CALCULATED,Высота изделия с технологическим запасом 10 см помещается в ширину ткани; расход равен ширине изделия + 20 см на каждую штору.
d5929764-bda7-4881-84fb-96683b979c7b,2026-09-05T14:05:52.148359+00:00,success,,,"{""smoke_test"": true}",curtain,Вандер,100.0,270.0,1,active,Вандер,280,1050,RRC,standard,1.2,1260.0,CURTAIN_BASE,"Крепление портьеры: Шторная лента 6 см белая, без слоя [OP_001]: 1.0 × 120.0 = 120.0 ₽; Боковые швы: 2х2 [OP_044]: 5.4 × 50.0 = 270.0 ₽; Нижний шов: 10х10 [OP_060]: 1.0 × 70.0 = 70.0 ₽; Сборка шторной ленты: Стандарт [OP_043]: 1.0 × 35.0 = 35.0 ₽; Упаковка портьеры: Чехол ПВХ/спандбонд + картон [OP_061]: 1.0 × 130.0 = 130.0 ₽",,625.0,1885.0,1885.0,CALCULATED,Высота изделия с технологическим запасом 10 см помещается в ширину ткани; расход равен ширине изделия + 20 см на каждую штору.
986147d4-4817-46c5-8ac8-9109e8f034ff,2026-09-05T14:05:52.148549+00:00,unavailable,PROBLEMATIC_MODEL,Ткань временно исключена из расчёта. Расчёт для этой модели пока недоступен.,"{""smoke_test"": true}",curtain,Вилла,100.0,200.0,1,problematic,Вилла,,,,,,,CURTAIN_BASE,,,,,,,
3ea31a62-da6d-416c-bb18-3bb1aa619a77,2026-09-05T14:05:52.149153+00:00,success,,,"{""smoke_test"": true}",curtain,Гинко,100.0,270.0,1,active,Софт,280,990,RRC,standard,1.2,1188.0,CURTAIN_BASE,"Крепление портьеры: Шторная лента 6 см белая, без слоя [OP_001]: 1.0 × 120.0 = 120.0 ₽; Боковые швы: 2х2 [OP_044]: 5.4 × 50.0 = 270.0 ₽; Нижний шов: 10х10 [OP_060]: 1.0 × 70.0 = 70.0 ₽; Сборка шторной ленты: Стандарт [OP_043]: 1.0 × 35.0 = 35.0 ₽; Упаковка портьеры: Чехол ПВХ/спандбонд + картон [OP_061]: 1.0 × 130.0 = 130.0 ₽",,625.0,1813.0,1813.0,CALCULATED,Высота изделия с технологическим запасом 10 см помещается в ширину ткани; расход равен ширине изделия + 20 см на каждую штору.
e2dad9f0-66c7-4f5c-ad82-45109fe75a38,2026-09-05T14:05:52.149797+00:00,success,,,"{""smoke_test"": true}",curtain,Голди,100.0,270.0,1,active,Голди,300,3159,RRC,standard,1.2,3790.8,CURTAIN_BASE,"Крепление портьеры: Шторная лента 6 см белая, без слоя [OP_001]: 1.0 × 120.0 = 120.0 ₽; Боковые швы: 2х2 [OP_044]: 5.4 × 50.0 = 270.0 ₽; Нижний шов: 10х10 [OP_060]: 1.0 × 70.0 = 70.0 ₽; Сборка шторной ленты: Стандарт [OP_043]: 1.0 × 35.0 = 35.0 ₽; Упаковка портьеры: Чехол ПВХ/спандбонд + картон [OP_061]: 1.0 × 130.0 = 130.0 ₽",,625.0,4415.8,4415.8,CALCULATED,Высота изделия с технологическим запасом 10 см помещается в ширину ткани; расход равен ширине изделия + 20 см на каждую штору.
7555360c-53cd-4000-b179-13a769869c72,2026-09-05T14:05:52.150382+00:00,success,,,"{""smoke_test"": true}",curtain,Деко,100.0,270.0,1,active,Деко,280,1199,RRC,standard,1.2,1438.8,CURTAIN_BASE,"Крепление портьеры: Шторная лента 6 см белая, без слоя [OP_001]: 1.0 × 120.0 = 120.0 ₽; Боковые швы: 2х2 [OP_044]: 5.4 × 50.0 = 270.0 ₽; Нижний шов: 10х10 [OP_060]: 1.0 × 70.0 = 70.0 ₽; Сборка шторной ленты: Стандарт [OP_043]: 1.0 × 35.0 = 35.0 ₽; Упаковка портьеры: Чехол ПВХ/спандбонд + картон [OP_061]: 1.0 × 130.0 = 130.0 ₽",,625.0,2063.8,2063.8,CALCULATED,Высота изделия с технологическим запасом 10 см помещается в ширину ткани; расход равен ширине изделия + 20 см на каждую штору.
622098fb-fc25-4731-988d-947d0af19f86,2026-09-05T14:05:52.150992+00:00,success,,,"{""smoke_test"": true}",curtain,Дея,100.0,170.0,1,active,Дея,180,1510,RRC,standard,1.2,1812.0,CURTAIN_BASE,"Крепление портьеры: Шторная лента 6 см белая, без слоя [OP_001]: 1.0 × 120.0 = 120.0 ₽; Боковые швы: 2х2 [OP_044]: 3.4 × 50.0 = 170.0 ₽; Нижний шов: 10х10 [OP_060]: 1.0 × 70.0 = 70.0 ₽; Сборка шторной ленты: Стандарт [OP_043]: 1.0 × 35.0 = 35.0 ₽; Упаковка портьеры: Чехол ПВХ/спандбонд + картон [OP_061]: 1.0 × 130.0 = 130.0 ₽",,525.0,2337.0,2337.0,CALCULATED,Высота изделия с технологическим запасом 10 см помещается в ширину ткани; расход равен ширине изделия + 20 см на каждую штору.
b5be0428-7046-4c65-b423-1d86b96bb861,2026-09-05T14:05:52.151505+00:00,success,,,"{""smoke_test"": true}",curtain,Джерри,100.0,270.0,1,active,Джерри,300,3465,RRC,standard,1.2,4158.0,CURTAIN_BASE,"Крепление портьеры: Шторная лента 6 см белая, без слоя [OP_001]: 1.0 × 120.0 = 120.0 ₽; Боковые швы: 2х2 [OP_044]: 5.4 × 50.0 = 270.0 ₽; Нижний шов: 10х10 [OP_060]: 1.0 × 70.0 = 70.0 ₽; Сборка шторной ленты: Стандарт [OP_043]: 1.0 × 35.0 = 35.0 ₽; Упаковка портьеры: Чехол ПВХ/спандбонд + картон [OP_061]: 1.0 × 130.0 = 130.0 ₽",,625.0,4783.0,4783.0,CALCULATED,Высота изделия с технологическим запасом 10 см помещается в ширину ткани; расход равен ширине изделия + 20 см на каждую штору.
ca58c99c-675e-4c9f-be46-9760c4db1275,2026-09-05T14:05:52.152006+00:00,success,,,"{""smoke_test"": true}",curtain,Джим,100.0,270.0,1,active,Каспиан/Довер,280,1470,RRC,standard,1.2,1764.0,CURTAIN_BASE,"Крепление портьеры: Шторная лента 6 см белая, без слоя [OP_001]: 1.0 × 120.0 = 120.0 ₽; Боковые швы: 2х2 [OP_044]: 5.4 × 50.0 = 270.0 ₽; Нижний шов: 10х10 [OP_060]: 1.0 × 70.0 = 70.0 ₽; Сборка шторной ленты: Стандарт [OP_043]: 1.0 × 35.0 = 35.0 ₽; Упаковка портьеры: Чехол ПВХ/спандбонд + картон [OP_061]: 1.0 × 130.0 = 130.0 ₽",Вышивка по всей площади: Джим [OP_080]: 2.7 × 670.0 = 1809.0 ₽,625.0,4198.0,4198.0,CALCULATED,Высота изделия с технологическим запасом 10 см помещается в ширину ткани; расход равен ширине изделия + 20 см на каждую штору.
0a46a480-0f7f-4317-957e-40db5ee527ee,2026-09-05T14:05:52.152506+00:00,success,,,"{""smoke_test"": true}",curtain,Джуди,100.0,270.0,1,active,Джуди,290,820,RRC,standard,1.2,984.0,CURTAIN_BASE,"Крепление портьеры: Шторная лента 6 см белая, без слоя [OP_001]: 1.0 × 120.0 = 120.0 ₽; Боковые швы: 2х2 [OP_044]: 5.4 × 50.0 = 270.0 ₽; Нижний шов: 10х10 [OP_060]: 1.0 × 70.0 = 70.0 ₽; Сборка шторной ленты: Стандарт [OP_043]: 1.0 × 35.0 = 35.0 ₽; Упаковка портьеры: Чехол ПВХ/спандбонд + картон [OP_061]: 1.0 × 130.0 = 130.0 ₽",,625.0,1609.0,1609.0,CALCULATED,Высота изделия с технологическим запасом 10 см помещается в ширину ткани; расход равен ширине изделия + 20 см на каждую штору.
b9882f89-f00e-404c-88ce-d6889fd48212,2026-09-05T14:05:52.152999+00:00,success,,,"{""smoke_test"": true}",curtain,Дриада,100.0,170.0,1,active,Дриада,180,1510,RRC,standard,1.2,1812.0,CURTAIN_BASE,"Крепление портьеры: Шторная лента 6 см белая, без слоя [OP_001]: 1.0 × 120.0 = 120.0 ₽; Боковые швы: 2х2 [OP_044]: 3.4 × 50.0 = 170.0 ₽; Нижний шов: 10х10 [OP_060]: 1.0 × 70.0 = 70.0 ₽; Сборка шторной ленты: Стандарт [OP_043]: 1.0 × 35.0 = 35.0 ₽; Упаковка портьеры: Чехол ПВХ/спандбонд + картон [OP_061]: 1.0 × 130.0 = 130.0 ₽",,525.0,2337.0,2337.0,CALCULATED,Высота изделия с технологическим запасом 10 см помещается в ширину ткани; расход равен ширине изделия + 20 см на каждую штору.
77b8b346-984d-4271-b921-eb36b8287018,2026-09-05T14:05:52.153497+00:00,success,,,"{""smoke_test"": true}",curtain,Дюпон,100.0,270.0,1,active,Ибица,300,2835,RRC,standard,1.2,3402.0,CURTAIN_BASE,"Крепление портьеры: Шторная лента 6 см белая, без слоя [OP_001]: 1.0 × 120.0 = 120.0 ₽; Боковые швы: 2х2 [OP_044]: 5.4 × 50.0 = 270.0 ₽; Нижний шов: 10х10 [OP_060]: 1.0 × 70.0 = 70.0 ₽; Сборка шторной ленты: Стандарт [OP_043]: 1.0 × 35.0 = 35.0 ₽; Упаковка портьеры: Чехол ПВХ/спандбонд + картон [OP_061]: 1.0 × 130.0 = 130.0 ₽",Вышивка с одной стороны: Дюпон [OP_081]: 2.7 × 560.0 = 1512.0 ₽,625.0,5539.0,5539.0,CALCULATED,Высота изделия с технологическим запасом 10 см помещается в ширину ткани; расход равен ширине изделия + 20 см на каждую штору.
7a79631d-46d9-4275-9f89-9b423394706f,2026-09-05T14:05:52.153993+00:00,success,,,"{""smoke_test"": true}",curtain,Ибица,100.0,270.0,1,active,Ибица,300,2835,RRC,standard,1.2,3402.0,CURTAIN_BASE,"Крепление портьеры: Шторная лента 6 см белая, без слоя [OP_001]: 1.0 × 120.0 = 120.0 ₽; Боковые швы: 2х2 [OP_044]: 5.4 × 50.0 = 270.0 ₽; Нижний шов: 10х10 [OP_060]: 1.0 × 70.0 = 70.0 ₽; Сборка шторной ленты: Стандарт [OP_043]: 1.0 × 35.0 = 35.0 ₽; Упаковка портьеры: Чехол ПВХ/спандбонд + картон [OP_061]: 1.0 × 130.0 = 130.0 ₽",,625.0,4027.0,4027.0,CALCULATED,Высота изделия с технологическим запасом 10 см помещается в ширину ткани; расход равен ширине изделия + 20 см на каждую штору.
a769d01f-28dc-44c4-a523-7e171c253ab6,2026-09-05T14:05:52.154490+00:00,success,,,"{""smoke_test"": true}",curtain,Иви,100.0,270.0,1,active,Иви,300,1420,RRC,standard,1.2,1704.0,CURTAIN_BASE,"Крепление портьеры: Шторная лента 6 см белая, без слоя [OP_001]: 1.0 × 120.0 = 120.0 ₽; Боковые швы: 2х2 [OP_044]: 5.4 × 50.0 = 270.0 ₽; Нижний шов: 10х10 [OP_060]: 1.0 × 70.0 = 70.0 ₽; Сборка шторной ленты: Стандарт [OP_043]: 1.0 × 35.0 = 35.0 ₽; Упаковка портьеры: Чехол ПВХ/спандбонд + картон [OP_061]: 1.0 × 130.0 = 130.0 ₽",,625.0,2329.0,2329.0,CALCULATED,Высота изделия с технологическим запасом 10 см помещается в ширину ткани; расход равен ширине изделия + 20 см на каждую штору.
c4c82d1f-1406-4309-a167-abaa3e30125e,2026-09-05T14:05:52.154989+00:00,success,,,"{""smoke_test"": true}",curtain,Каспиан,100.0,270.0,1,active,Каспиан/Довер,280,1470,RRC,standard,1.2,1764.0,CURTAIN_BASE,"Крепление портьеры: Шторная лента 6 см белая, без слоя [OP_001]: 1.0 × 120.0 = 120.0 ₽; Боковые швы: 2х2 [OP_044]: 5.4 × 50.0 = 270.0 ₽; Нижний шов: 10х10 [OP_060]: 1.0 × 70.0 = 70.0 ₽; Сборка шторной ленты: Стандарт [OP_043]: 1.0 × 35.0 = 35.0 ₽; Упаковка портьеры: Чехол ПВХ/спандбонд + картон [OP_061]: 1.0 × 130.0 = 130.0 ₽",,625.0,2389.0,2389.0,CALCULATED,Высота изделия с технологическим запасом 10 см помещается в ширину ткани; расход равен ширине изделия + 20 см на каждую штору.
66ec3445-bafc-496e-925c-07ea5fc56462,2026-09-05T14:05:52.155489+00:00,success,,,"{""smoke_test"": true}",curtain,Керти,100.0,270.0,1,active,Софт,280,990,RRC,standard,1.2,1188.0,CURTAIN_BASE,"Крепление портьеры: Шторная лента 6 см белая, без слоя [OP_001]: 1.0 × 120.0 = 120.0 ₽; Боковые швы: 2х2 [OP_044]: 5.4 × 50.0 = 270.0 ₽; Нижний шов: 10х10 [OP_060]: 1.0 × 70.0 = 70.0 ₽; Сборка шторной ленты: Стандарт [OP_043]: 1.0 × 35.0 = 35.0 ₽; Упаковка портьеры: Чехол ПВХ/спандбонд + картон [OP_061]: 1.0 × 130.0 = 130.0 ₽",,625.0,1813.0,1813.0,CALCULATED,Высота изделия с технологическим запасом 10 см помещается в ширину ткани; расход равен ширине изделия + 20 см на каждую штору.
f343ea0e-7d7d-425a-a166-800ed9335f0d,2026-09-05T14:05:52.155978+00:00,success,,,"{""smoke_test"": true}",curtain,Ким,100.0,270.0,1,active,Ким,300,2315,RRC,standard,1.2,2778.0,CURTAIN_BASE,"Крепление портьеры: Шторная лента 6 см белая, без слоя [OP_001]: 1.0 × 120.0 = 120.0 ₽; Боковые швы: 2х2 [OP_044]: 5.4 × 50.0 = 270.0 ₽; Нижний шов: 10х10 [OP_060]: 1.0 × 70.0 = 70.0 ₽; Сборка шторной ленты: Стандарт [OP_043]: 1.0 × 35.0 = 35.0 ₽; Упаковка портьеры: Чехол ПВХ/спандбонд + картон [OP_061]: 1.0 × 130.0 = 130.0 ₽",,625.0,3403.0,3403.0,CALCULATED,Высота изделия с технологическим запасом 10 см помещается в ширину ткани; расход равен ширине изделия + 20 см на каждую штору.
e72db97c-25b4-49cd-b445-01a93fcd55b1,2026-09-05T14:05:52.156467+00:00,success,,,"{""smoke_test"": true}",curtain,Кирстен,100.0,270.0,1,active,Ибица,300,2835,RRC,standard,1.2,3402.0,CURTAIN_BASE,"Крепление портьеры: Шторная лента 6 см белая, без слоя [OP_001]: 1.0 × 120.0 = 120.0 ₽; Боковые швы: 2х2 [OP_044]: 5.4 × 50.0 = 270.0 ₽; Нижний шов: 10х10 [OP_060]: 1.0 × 70.0 = 70.0 ₽; Сборка шторной ленты: Стандарт [OP_043]: 1.0 × 35.0 = 35.0 ₽; Упаковка портьеры: Чехол ПВХ/спандбонд + картон [OP_061]: 1.0 × 130.0 = 130.0 ₽",,625.0,4027.0,4027.0,CALCULATED,Высота изделия с технологическим запасом 10 см помещается в ширину ткани; расход равен ширине изделия + 20 см на каждую штору.
84826c3a-2969-415d-86cd-d0daee4bd137,2026-09-05T14:05:52.157005+00:00,success,,,"{""smoke_test"": true}",curtain,Конни,100.0,270.0,1,active,Конни,310,3385,RRC,standard,1.2,4062.0,CURTAIN_BASE,"Крепление портьеры: Шторная лента 6 см белая, без слоя [OP_001]: 1.0 × 120.0 = 120.0 ₽; Боковые швы: 2х2 [OP_044]: 5.4 × 50.0 = 270.0 ₽; Нижний шов: 10х10 [OP_060]: 1.0 × 70.0 = 70.0 ₽; Сборка шторной ленты: Стандарт [OP_043]: 1.0 × 35.0 = 35.0 ₽; Упаковка портьеры: Чехол ПВХ/спандбонд + картон [OP_061]: 1.0 × 130.0 = 130.0 ₽",,625.0,4687.0,4687.0,CALCULATED,Высота изделия с технологическим запасом 10 см помещается в ширину ткани; расход равен ширине изделия + 20 см на каждую штору.
f168b9a9-9bcc-43c1-899c-2cdf8d37b810,2026-09-05T14:05:52.157496+00:00,success,,,"{""smoke_test"": true}",curtain,Кристи,100.0,170.0,1,active,Кристи,180,1510,RRC,standard,1.2,1812.0,CURTAIN_BASE,"Крепление портьеры: Шторная лента 6 см белая, без слоя [OP_001]: 1.0 × 120.0 = 120.0 ₽; Боковые швы: 2х2 [OP_044]: 3.4 × 50.0 = 170.0 ₽; Нижний шов: 10х10 [OP_060]: 1.0 × 70.0 = 70.0 ₽; Сборка шторной ленты: Стандарт [OP_043]: 1.0 × 35.0 = 35.0 ₽; Упаковка портьеры: Чехол ПВХ/спандбонд + картон [OP_061]: 1.0 × 130.0 = 130.0 ₽",,525.0,2337.0,2337.0,CALCULATED,Высота изделия с технологическим запасом 10 см помещается в ширину ткани; расход равен ширине изделия + 20 см на каждую штору.
ee81dc91-958e-4549-8c7f-37c534fb10ae,2026-09-05T14:05:52.158023+00:00,success,,,"{""smoke_test"": true}",curtain,Кристи +,100.0,170.0,1,active,Кристи,180,1510,RRC,standard,1.2,1812.0,CURTAIN_BASE,"Крепление портьеры: Шторная лента 6 см белая, без слоя [OP_001]: 1.0 × 120.0 = 120.0 ₽; Боковые швы: 2х2 [OP_044]: 3.4 × 50.0 = 170.0 ₽; Нижний шов: 10х10 [OP_060]: 1.0 × 70.0 = 70.0 ₽; Сборка шторной ленты: Стандарт [OP_043]: 1.0 × 35.0 = 35.0 ₽; Упаковка портьеры: Чехол ПВХ/спандбонд + картон [OP_061]: 1.0 × 130.0 = 130.0 ₽",,525.0,2337.0,2337.0,CALCULATED,Высота изделия с технологическим запасом 10 см помещается в ширину ткани; расход равен ширине изделия + 20 см на каждую штору.
5d24d167-8076-498c-b7f9-fda8be79006d,2026-09-05T14:05:52.158535+00:00,success,,,"{""smoke_test"": true}",curtain,Лайм,100.0,270.0,1,active,Лайм,300,1510,RRC,standard,1.2,1812.0,CURTAIN_BASE,"Крепление портьеры: Шторная лента 6 см белая, без слоя [OP_001]: 1.0 × 120.0 = 120.0 ₽; Боковые швы: 2х2 [OP_044]: 5.4 × 50.0 = 270.0 ₽; Нижний шов: 10х10 [OP_060]: 1.0 × 70.0 = 70.0 ₽; Сборка шторной ленты: Стандарт [OP_043]: 1.0 × 35.0 = 35.0 ₽; Упаковка портьеры: Чехол ПВХ/спандбонд + картон [OP_061]: 1.0 × 130.0 = 130.0 ₽",,625.0,2437.0,2437.0,CALCULATED,Высота изделия с технологическим запасом 10 см помещается в ширину ткани; расход равен ширине изделия + 20 см на каждую штору.
15ee2122-875d-4adb-bfd0-5ae648bd7f04,2026-09-05T14:05:52.159082+00:00,success,,,"{""smoke_test"": true}",curtain,Латур,100.0,270.0,1,active,Софт,280,990,RRC,standard,1.2,1188.0,CURTAIN_BASE,"Крепление портьеры: Шторная лента 6 см белая, без слоя [OP_001]: 1.0 × 120.0 = 120.0 ₽; Боковые швы: 2х2 [OP_044]: 5.4 × 50.0 = 270.0 ₽; Нижний шов: 10х10 [OP_060]: 1.0 × 70.0 = 70.0 ₽; Сборка шторной ленты: Стандарт [OP_043]: 1.0 × 35.0 = 35.0 ₽; Упаковка портьеры: Чехол ПВХ/спандбонд + картон [OP_061]: 1.0 × 130.0 = 130.0 ₽",,625.0,1813.0,1813.0,CALCULATED,Высота изделия с технологическим запасом 10 см помещается в ширину ткани; расход равен ширине изделия + 20 см на каждую штору.
77b33627-91a5-4b73-9804-ae36386fa13f,2026-09-05T14:05:52.159576+00:00,success,,,"{""smoke_test"": true}",curtain,Лаура,100.0,270.0,1,active,Лаура,280,1670,RRC,standard,1.2,2004.0,CURTAIN_BASE,"Крепление портьеры: Шторная лента 6 см белая, без слоя [OP_001]: 1.0 × 120.0 = 120.0 ₽; Боковые швы: 2х2 [OP_044]: 5.4 × 50.0 = 270.0 ₽; Нижний шов: 10х10 [OP_060]: 1.0 × 70.0 = 70.0 ₽; Сборка шторной ленты: Стандарт [OP_043]: 1.0 × 35.0 = 35.0 ₽; Упаковка портьеры: Чехол ПВХ/спандбонд + картон [OP_061]: 1.0 × 130.0 = 130.0 ₽",,625.0,2629.0,2629.0,CALCULATED,Высота изделия с технологическим запасом 10 см помещается в ширину ткани; расход равен ширине изделия + 20 см на каждую штору.
81076f9b-06ae-4413-879e-b7300388aead,2026-09-05T14:05:52.160103+00:00,success,,,"{""smoke_test"": true}",curtain,Лея,100.0,270.0,1,active,Софт,280,990,RRC,standard,1.2,1188.0,CURTAIN_BASE,"Крепление портьеры: Шторная лента 6 см белая, без слоя [OP_001]: 1.0 × 120.0 = 120.0 ₽; Боковые швы: 2х2 [OP_044]: 5.4 × 50.0 = 270.0 ₽; Нижний шов: 10х10 [OP_060]: 1.0 × 70.0 = 70.0 ₽; Сборка шторной ленты: Стандарт [OP_043]: 1.0 × 35.0 = 35.0 ₽; Упаковка портьеры: Чехол ПВХ/спандбонд + картон [OP_061]: 1.0 × 130.0 = 130.0 ₽",Вышивка с одной стороны: Лея [OP_084]: 2.7 × 910.0 = 2457.0 ₽,625.0,4270.0,4270.0,CALCULATED,Высота изделия с технологическим запасом 10 см помещается в ширину ткани; расход равен ширине изделия + 20 см на каждую штору.
b5c245d0-22d9-4e23-b52b-4b78d91f96e7,2026-09-05T14:05:52.160613+00:00,success,,,"{""smoke_test"": true}",curtain,Либерти,100.0,270.0,1,active,Софт,280,990,RRC,standard,1.2,1188.0,CURTAIN_BASE,"Крепление портьеры: Шторная лента 6 см белая, без слоя [OP_001]: 1.0 × 120.0 = 120.0 ₽; Боковые швы: 2х2 [OP_044]: 5.4 × 50.0 = 270.0 ₽; Нижний шов: 10х10 [OP_060]: 1.0 × 70.0 = 70.0 ₽; Сборка шторной ленты: Стандарт [OP_043]: 1.0 × 35.0 = 35.0 ₽; Упаковка портьеры: Чехол ПВХ/спандбонд + картон [OP_061]: 1.0 × 130.0 = 130.0 ₽",Вышивка по всей площади: Либерти [OP_069]: 2.7 × 660.0 = 1782.0 ₽,625.0,3595.0,3595.0,CALCULATED,Высота изделия с технологическим запасом 10 см помещается в ширину ткани; расход равен ширине изделия + 20 см на каждую штору.
c607adbe-4883-4100-aef0-086a569c7f45,2026-09-05T14:05:52.161149+00:00,success,,,"{""smoke_test"": true}",curtain,Лилас,100.0,270.0,1,active,Каспиан/Довер,280,1470,RRC,standard,1.2,1764.0,CURTAIN_BASE,"Крепление портьеры: Шторная лента 6 см белая, без слоя [OP_001]: 1.0 × 120.0 = 120.0 ₽; Боковые швы: 2х2 [OP_044]: 5.4 × 50.0 = 270.0 ₽; Нижний шов: 10х10 [OP_060]: 1.0 × 70.0 = 70.0 ₽; Сборка шторной ленты: Стандарт [OP_043]: 1.0 × 35.0 = 35.0 ₽; Упаковка портьеры: Чехол ПВХ/спандбонд + картон [OP_061]: 1.0 × 130.0 = 130.0 ₽",Вышивка по всей площади: Лилас [OP_070]: 2.7 × 360.0 = 972.0 ₽,625.0,3361.0,3361.0,CALCULATED,Высота изделия с технологическим запасом 10 см помещается в ширину ткани; расход равен ширине изделия + 20 см на каждую штору.
3a496c47-7108-4d9d-aca6-f0c20e3ee82a,2026-09-05T14:05:52.161673+00:00,success,,,"{""smoke_test"": true}",curtain,Лука,100.0,270.0,1,active,Джерри,300,3465,RRC,standard,1.2,4158.0,CURTAIN_BASE,"Крепление портьеры: Шторная лента 6 см белая, без слоя [OP_001]: 1.0 × 120.0 = 120.0 ₽; Боковые швы: 2х2 [OP_044]: 5.4 × 50.0 = 270.0 ₽; Нижний шов: 10х10 [OP_060]: 1.0 × 70.0 = 70.0 ₽; Сборка шторной ленты: Стандарт [OP_043]: 1.0 × 35.0 = 35.0 ₽; Упаковка портьеры: Чехол ПВХ/спандбонд + картон [OP_061]: 1.0 × 130.0 = 130.0 ₽",Вышивка по всей площади: Лука [OP_075]: 2.7 × 470.0 = 1269.0 ₽,625.0,6052.0,6052.0,CALCULATED,Высота изделия с технологическим запасом 10 см помещается в ширину ткани; расход равен ширине изделия + 20 см на каждую штору.
51e200f8-21da-4af5-b3c9-37ca566613dd,2026-09-05T14:05:52.162190+00:00,success,,,"{""smoke_test"": true}",curtain,Майкл,100.0,170.0,1,active,Майкл,180,1180,RRC,standard,1.2,1416.0,CURTAIN_BASE,"Крепление портьеры: Шторная лента 6 см белая, без слоя [OP_001]: 1.0 × 120.0 = 120.0 ₽; Боковые швы: 2х2 [OP_044]: 3.4 × 50.0 = 170.0 ₽; Нижний шов: 10х10 [OP_060]: 1.0 × 70.0 = 70.0 ₽; Сборка шторной ленты: Стандарт [OP_043]: 1.0 × 35.0 = 35.0 ₽; Упаковка портьеры: Чехол ПВХ/спандбонд + картон [OP_061]: 1.0 × 130.0 = 130.0 ₽",,525.0,1941.0,1941.0,CALCULATED,Высота изделия с технологическим запасом 10 см помещается в ширину ткани; расход равен ширине изделия + 20 см на каждую штору.
5b2eb5bb-c3d5-4175-82b4-d782c2e8791d,2026-09-05T14:05:52.162694+00:00,success,,,"{""smoke_test"": true}",curtain,Мерлин,100.0,270.0,1,active,Мерлин,280,1260,RRC,standard,1.2,1512.0,CURTAIN_BASE,"Крепление портьеры: Шторная лента 6 см белая, без слоя [OP_001]: 1.0 × 120.0 = 120.0 ₽; Боковые швы: 2х2 [OP_044]: 5.4 × 50.0 = 270.0 ₽; Нижний шов: 10х10 [OP_060]: 1.0 × 70.0 = 70.0 ₽; Сборка шторной ленты: Стандарт [OP_043]: 1.0 × 35.0 = 35.0 ₽; Упаковка портьеры: Чехол ПВХ/спандбонд + картон [OP_061]: 1.0 × 130.0 = 130.0 ₽",,625.0,2137.0,2137.0,CALCULATED,Высота изделия с технологическим запасом 10 см помещается в ширину ткани; расход равен ширине изделия + 20 см на каждую штору.
248d910f-09f9-4838-b8dd-2b783b77119d,2026-09-05T14:05:52.163246+00:00,success,,,"{""smoke_test"": true}",curtain,Мика,100.0,270.0,1,active,Бадди,310,3465,RRC,standard,1.2,4158.0,CURTAIN_BASE,"Крепление портьеры: Шторная лента 6 см белая, без слоя [OP_001]: 1.0 × 120.0 = 120.0 ₽; Боковые швы: 2х2 [OP_044]: 5.4 × 50.0 = 270.0 ₽; Нижний шов: 10х10 [OP_060]: 1.0 × 70.0 = 70.0 ₽; Сборка шторной ленты: Стандарт [OP_043]: 1.0 × 35.0 = 35.0 ₽; Упаковка портьеры: Чехол ПВХ/спандбонд + картон [OP_061]: 1.0 × 130.0 = 130.0 ₽",Вышивка по всей площади: Мика [OP_078]: 2.7 × 640.0 = 1728.0 ₽,625.0,6511.0,6511.0,CALCULATED,Высота изделия с технологическим запасом 10 см помещается в ширину ткани; расход равен ширине изделия + 20 см на каждую штору.
aa9ca438-ff2c-424c-bdfd-518a795638db,2026-09-05T14:05:52.163442+00:00,unavailable,PROBLEMATIC_MODEL,Нет привязки к ткани. Расчет временно недоступен.,"{""smoke_test"": true}",curtain,Милли,100.0,200.0,1,problematic,,,,,,,,CURTAIN_BASE,,,,,,,
2d1b2e7b-5884-43b6-b111-fea84267b5bc,2026-09-05T14:05:52.163940+00:00,success,,,"{""smoke_test"": true}",curtain,Минас,100.0,170.0,1,active,Минас,180,1495,RRC,standard,1.2,1794.0,CURTAIN_BASE,"Крепление портьеры: Шторная лента 6 см белая, без слоя [OP_001]: 1.0 × 120.0 = 120.0 ₽; Боковые швы: 2х2 [OP_044]: 3.4 × 50.0 = 170.0 ₽; Нижний шов: 10х10 [OP_060]: 1.0 × 70.0 = 70.0 ₽; Сборка шторной ленты: Стандарт [OP_043]: 1.0 × 35.0 = 35.0 ₽; Упаковка портьеры: Чехол ПВХ/спандбонд + картон [OP_061]: 1.0 × 130.0 = 130.0 ₽",,525.0,2319.0,2319.0,CALCULATED,Высота изделия с технологическим запасом 10 см помещается в ширину ткани; расход равен ширине изделия + 20 см на каждую штору.
6bc2e3e6-b869-4a16-9429-53230bc43c6c,2026-09-05T14:05:52.164471+00:00,success,,,"{""smoke_test"": true}",curtain,Мириам,100.0,270.0,1,active,Мириам,280,1190,RRC,standard,1.2,1428.0,CURTAIN_BASE,"Крепление портьеры: Шторная лента 6 см белая, без слоя [OP_001]: 1.0 × 120.0 = 120.0 ₽; Боковые швы: 2х2 [OP_044]: 5.4 × 50.0 = 270.0 ₽; Нижний шов: 10х10 [OP_060]: 1.0 × 70.0 = 70.0 ₽; Сборка шторной ленты: Стандарт [OP_043]: 1.0 × 35.0 = 35.0 ₽; Упаковка портьеры: Чехол ПВХ/спандбонд + картон [OP_061]: 1.0 × 130.0 = 130.0 ₽",,625.0,2053.0,2053.0,CALCULATED,Высота изделия с технологическим запасом 10 см помещается в ширину ткани; расход равен ширине изделия + 20 см на каждую штору.
c021ec34-28d2-4799-bcd8-8e53507d58f8,2026-09-05T14:05:52.164976+00:00,success,,,"{""smoke_test"": true}",curtain,Мистери,100.0,210.0,1,active,Мистери,220,1575,RRC,standard,1.2,1890.0,CURTAIN_BASE,"Крепление портьеры: Шторная лента 6 см белая, без слоя [OP_001]: 1.0 × 120.0 = 120.0 ₽; Боковые швы: 2х2 [OP_044]: 4.2 × 50.0 = 210.0 ₽; Нижний шов: 10х10 [OP_060]: 1.0 × 70.0 = 70.0 ₽; Сборка шторной ленты: Стандарт [OP_043]: 1.0 × 35.0 = 35.0 ₽; Упаковка портьеры: Чехол ПВХ/спандбонд + картон [OP_061]: 1.0 × 130.0 = 130.0 ₽",,565.0,2455.0,2455.0,CALCULATED,Высота изделия с технологическим запасом 10 см помещается в ширину ткани; расход равен ширине изделия + 20 см на каждую штору.
c7f34f7b-4b59-4a45-9e82-ec18a72941ef,2026-09-05T14:05:52.165173+00:00,unavailable,PROBLEMATIC_MODEL,Ткань временно исключена из расчёта. Расчёт для этой модели пока недоступен.,"{""smoke_test"": true}",curtain,Моррис,100.0,200.0,1,problematic,Моррис,,,,,,,CURTAIN_BASE,,,,,,,
3956957f-d920-4648-ae2c-3d756b29ad43,2026-09-05T14:05:52.165833+00:00,success,,,"{""smoke_test"": true}",curtain,Мэри,100.0,270.0,1,active,Ибица,300,2835,RRC,standard,1.2,3402.0,CURTAIN_BASE,"Крепление портьеры: Шторная лента 6 см белая, без слоя [OP_001]: 1.0 × 120.0 = 120.0 ₽; Боковые швы: 2х2 [OP_044]: 5.4 × 50.0 = 270.0 ₽; Нижний шов: 10х10 [OP_060]: 1.0 × 70.0 = 70.0 ₽; Сборка шторной ленты: Стандарт [OP_043]: 1.0 × 35.0 = 35.0 ₽; Упаковка портьеры: Чехол ПВХ/спандбонд + картон [OP_061]: 1.0 × 130.0 = 130.0 ₽",,625.0,4027.0,4027.0,CALCULATED,Высота изделия с технологическим запасом 10 см помещается в ширину ткани; расход равен ширине изделия + 20 см на каждую штору.
678247ca-4a26-4032-81b8-35512af35e9e,2026-09-05T14:05:52.166529+00:00,success,,,"{""smoke_test"": true}",curtain,Ноа,100.0,270.0,1,active,Эйприл,300,390,RRC,standard,1.2,468.0,CURTAIN_BASE,"Крепление портьеры: Шторная лента 6 см белая, без слоя [OP_001]: 1.0 × 120.0 = 120.0 ₽; Боковые швы: 2х2 [OP_044]: 5.4 × 50.0 = 270.0 ₽; Нижний шов: 10х10 [OP_060]: 1.0 × 70.0 = 70.0 ₽; Сборка шторной ленты: Стандарт [OP_043]: 1.0 × 35.0 = 35.0 ₽; Упаковка портьеры: Чехол ПВХ/спандбонд + картон [OP_061]: 1.0 × 130.0 = 130.0 ₽",,625.0,1093.0,1093.0,CALCULATED,Высота изделия с технологическим запасом 10 см помещается в ширину ткани; расход равен ширине изделия + 20 см на каждую штору.
bbce2964-b750-4ad6-880e-d209067e9a2b,2026-09-05T14:05:52.167094+00:00,success,,,"{""smoke_test"": true}",curtain,Нэнси,100.0,170.0,1,active,Нэнси,180,1510,RRC,standard,1.2,1812.0,CURTAIN_BASE,"Крепление портьеры: Шторная лента 6 см белая, без слоя [OP_001]: 1.0 × 120.0 = 120.0 ₽; Боковые швы: 2х2 [OP_044]: 3.4 × 50.0 = 170.0 ₽; Нижний шов: 10х10 [OP_060]: 1.0 × 70.0 = 70.0 ₽; Сборка шторной ленты: Стандарт [OP_043]: 1.0 × 35.0 = 35.0 ₽; Упаковка портьеры: Чехол ПВХ/спандбонд + картон [OP_061]: 1.0 × 130.0 = 130.0 ₽",,525.0,2337.0,2337.0,CALCULATED,Высота изделия с технологическим запасом 10 см помещается в ширину ткани; расход равен ширине изделия + 20 см на каждую штору.
7566ceac-c3cf-40ce-a029-a1ff075a3395,2026-09-05T14:05:52.167656+00:00,success,,,"{""smoke_test"": true}",curtain,Омма,100.0,270.0,1,active,Нова,280,3435,RRC,standard,1.2,4122.0,CURTAIN_BASE,"Крепление портьеры: Шторная лента 6 см белая, без слоя [OP_001]: 1.0 × 120.0 = 120.0 ₽; Боковые швы: 2х2 [OP_044]: 5.4 × 50.0 = 270.0 ₽; Нижний шов: 10х10 [OP_060]: 1.0 × 70.0 = 70.0 ₽; Сборка шторной ленты: Стандарт [OP_043]: 1.0 × 35.0 = 35.0 ₽; Упаковка портьеры: Чехол ПВХ/спандбонд + картон [OP_061]: 1.0 × 130.0 = 130.0 ₽",,625.0,4747.0,4747.0,CALCULATED,Высота изделия с технологическим запасом 10 см помещается в ширину ткани; расход равен ширине изделия + 20 см на каждую штору.
25997453-4b39-45ef-9895-93b923fd2e0a,2026-09-05T14:05:52.168162+00:00,success,,,"{""smoke_test"": true}",curtain,Пауль,100.0,270.0,1,active,Деко,280,1199,RRC,standard,1.2,1438.8,CURTAIN_BASE,"Крепление портьеры: Шторная лента 6 см белая, без слоя [OP_001]: 1.0 × 120.0 = 120.0 ₽; Боковые швы: 2х2 [OP_044]: 5.4 × 50.0 = 270.0 ₽; Нижний шов: 10х10 [OP_060]: 1.0 × 70.0 = 70.0 ₽; Сборка шторной ленты: Стандарт [OP_043]: 1.0 × 35.0 = 35.0 ₽; Упаковка портьеры: Чехол ПВХ/спандбонд + картон [OP_061]: 1.0 × 130.0 = 130.0 ₽",,625.0,2063.8,2063.8,CALCULATED,Высота изделия с технологическим запасом 10 см помещается в ширину ткани; расход равен ширине изделия + 20 см на каждую штору.
35474bc0-1b75-407f-899f-916c7e7faf1f,2026-09-05T14:05:52.168358+00:00,unavailable,PROBLEMATIC_MODEL,Нет привязки к ткани. Расчет временно недоступен.,"{""smoke_test"": true}",curtain,Полли,100.0,200.0,1,problematic,,,,,,,,CURTAIN_BASE,,,,,,,
257395fd-94ae-4398-83a6-c9f64b231429,2026-09-05T14:05:52.168851+00:00,success,,,"{""smoke_test"": true}",curtain,Прайм,100.0,270.0,1,active,Ибица,300,2835,RRC,standard,1.2,3402.0,CURTAIN_BASE,"Крепление портьеры: Шторная лента 6 см белая, без слоя [OP_001]: 1.0 × 120.0 = 120.0 ₽; Боковые швы: 2х2 [OP_044]: 5.4 × 50.0 = 270.0 ₽; Нижний шов: 10х10 [OP_060]: 1.0 × 70.0 = 70.0 ₽; Сборка шторной ленты: Стандарт [OP_043]: 1.0 × 35.0 = 35.0 ₽; Упаковка портьеры: Чехол ПВХ/спандбонд + картон [OP_061]: 1.0 × 130.0 = 130.0 ₽",Вышивка по всей площади: Прайм [OP_067]: 2.7 × 370.0 = 999.0 ₽,625.0,5026.0,5026.0,CALCULATED,Высота изделия с технологическим запасом 10 см помещается в ширину ткани; расход равен ширине изделия + 20 см на каждую штору.
8818959f-e8da-4964-aa59-2d70a7e19c8c,2026-09-05T14:05:52.169352+00:00,success,,,"{""smoke_test"": true}",curtain,Репаблик,100.0,270.0,1,active,Репаблик,300,1240,RRC,standard,1.2,1488.0,CURTAIN_BASE,"Крепление портьеры: Шторная лента 6 см белая, без слоя [OP_001]: 1.0 × 120.0 = 120.0 ₽; Боковые швы: 2х2 [OP_044]: 5.4 × 50.0 = 270.0 ₽; Нижний шов: 10х10 [OP_060]: 1.0 × 70.0 = 70.0 ₽; Сборка шторной ленты: Стандарт [OP_043]: 1.0 × 35.0 = 35.0 ₽; Упаковка портьеры: Чехол ПВХ/спандбонд + картон [OP_061]: 1.0 × 130.0 = 130.0 ₽",,625.0,2113.0,2113.0,CALCULATED,Высота изделия с технологическим запасом 10 см помещается в ширину ткани; расход равен ширине изделия + 20 см на каждую штору.
7426ccc5-ad75-4ec6-9297-22dafd54298a,2026-09-05T14:05:52.169875+00:00,success,,,"{""smoke_test"": true}",curtain,Рири,100.0,170.0,1,active,Рири,180,1510,RRC,standard,1.2,1812.0,CURTAIN_BASE,"Крепление портьеры: Шторная лента 6 см белая, без слоя [OP_001]: 1.0 × 120.0 = 120.0 ₽; Боковые швы: 2х2 [OP_044]: 3.4 × 50.0 = 170.0 ₽; Нижний шов: 10х10 [OP_060]: 1.0 × 70.0 = 70.0 ₽; Сборка шторной ленты: Стандарт [OP_043]: 1.0 × 35.0 = 35.0 ₽; Упаковка портьеры: Чехол ПВХ/спандбонд + картон [OP_061]: 1.0 × 130.0 = 130.0 ₽",,525.0,2337.0,2337.0,CALCULATED,Высота изделия с технологическим запасом 10 см помещается в ширину ткани; расход равен ширине изделия + 20 см на каждую штору.
5d8e3628-ec4f-4fe4-aa53-e361aa30776d,2026-09-05T14:05:52.170388+00:00,success,,,"{""smoke_test"": true}",curtain,Рири +,100.0,170.0,1,active,Рири,180,1510,RRC,standard,1.2,1812.0,CURTAIN_BASE,"Крепление портьеры: Шторная лента 6 см белая, без слоя [OP_001]: 1.0 × 120.0 = 120.0 ₽; Боковые швы: 2х2 [OP_044]: 3.4 × 50.0 = 170.0 ₽; Нижний шов: 10х10 [OP_060]: 1.0 × 70.0 = 70.0 ₽; Сборка шторной ленты: Стандарт [OP_043]: 1.0 × 35.0 = 35.0 ₽; Упаковка портьеры: Чехол ПВХ/спандбонд + картон [OP_061]: 1.0 × 130.0 = 130.0 ₽",,525.0,2337.0,2337.0,CALCULATED,Высота изделия с технологическим запасом 10 см помещается в ширину ткани; расход равен ширине изделия + 20 см на каждую штору.
6590a502-556d-44cb-a311-b651ff51b244,2026-09-05T14:05:52.170899+00:00,success,,,"{""smoke_test"": true}",curtain,Сайфер,100.0,270.0,1,active,Сайфер,300,2680,RRC,standard,1.2,3216.0,CURTAIN_BASE,"Крепление портьеры: Шторная лента 6 см белая, без слоя [OP_001]: 1.0 × 120.0 = 120.0 ₽; Боковые швы: 2х2 [OP_044]: 5.4 × 50.0 = 270.0 ₽; Нижний шов: 10х10 [OP_060]: 1.0 × 70.0 = 70.0 ₽; Сборка шторной ленты: Стандарт [OP_043]: 1.0 × 35.0 = 35.0 ₽; Упаковка портьеры: Чехол ПВХ/спандбонд + картон [OP_061]: 1.0 × 130.0 = 130.0 ₽",,625.0,3841.0,3841.0,CALCULATED,Высота изделия с технологическим запасом 10 см помещается в ширину ткани; расход равен ширине изделия + 20 см на каждую штору.
cf6a8c87-b4c6-4b97-acbc-057b239e6f31,2026-09-05T14:05:52.171408+00:00,success,,,"{""smoke_test"": true}",curtain,Сельта,100.0,170.0,1,active,Сельта,180,1180,RRC,standard,1.2,1416.0,CURTAIN_BASE,"Крепление портьеры: Шторная лента 6 см белая, без слоя [OP_001]: 1.0 × 120.0 = 120.0 ₽; Боковые швы: 2х2 [OP_044]: 3.4 × 50.0 = 170.0 ₽; Нижний шов: 10х10 [OP_060]: 1.0 × 70.0 = 70.0 ₽; Сборка шторной ленты: Стандарт [OP_043]: 1.0 × 35.0 = 35.0 ₽; Упаковка портьеры: Чехол ПВХ/спандбонд + картон [OP_061]: 1.0 × 130.0 = 130.0 ₽",,525.0,1941.0,1941.0,CALCULATED,Высота изделия с технологическим запасом 10 см помещается в ширину ткани; расход равен ширине изделия + 20 см на каждую штору.
255ff3ed-839a-4750-9ad7-e1bfe99d2ac0,2026-09-05T14:05:52.171917+00:00,success,,,"{""smoke_test"": true}",curtain,Сири,100.0,170.0,1,active,Сири,180,1510,RRC,standard,1.2,1812.0,CURTAIN_BASE,"Крепление портьеры: Шторная лента 6 см белая, без слоя [OP_001]: 1.0 × 120.0 = 120.0 ₽; Боковые швы: 2х2 [OP_044]: 3.4 × 50.0 = 170.0 ₽; Нижний шов: 10х10 [OP_060]: 1.0 × 70.0 = 70.0 ₽; Сборка шторной ленты: Стандарт [OP_043]: 1.0 × 35.0 = 35.0 ₽; Упаковка портьеры: Чехол ПВХ/спандбонд + картон [OP_061]: 1.0 × 130.0 = 130.0 ₽",,525.0,2337.0,2337.0,CALCULATED,Высота изделия с технологическим запасом 10 см помещается в ширину ткани; расход равен ширине изделия + 20 см на каждую штору.
524e7507-4009-48b5-84d9-e7789fa22c3d,2026-09-05T14:05:52.172432+00:00,success,,,"{""smoke_test"": true}",curtain,Софт,100.0,270.0,1,active,Софт,280,990,RRC,standard,1.2,1188.0,CURTAIN_BASE,"Крепление портьеры: Шторная лента 6 см белая, без слоя [OP_001]: 1.0 × 120.0 = 120.0 ₽; Боковые швы: 2х2 [OP_044]: 5.4 × 50.0 = 270.0 ₽; Нижний шов: 10х10 [OP_060]: 1.0 × 70.0 = 70.0 ₽; Сборка шторной ленты: Стандарт [OP_043]: 1.0 × 35.0 = 35.0 ₽; Упаковка портьеры: Чехол ПВХ/спандбонд + картон [OP_061]: 1.0 × 130.0 = 130.0 ₽",,625.0,1813.0,1813.0,CALCULATED,Высота изделия с технологическим запасом 10 см помещается в ширину ткани; расход равен ширине изделия + 20 см на каждую штору.
dfb59373-da2d-4ae4-912e-905ee1a55543,2026-09-05T14:05:52.172947+00:00,success,,,"{""smoke_test"": true}",curtain,Тина,100.0,270.0,1,active,Софт,280,990,RRC,standard,1.2,1188.0,CURTAIN_BASE,"Крепление портьеры: Шторная лента 6 см белая, без слоя [OP_001]: 1.0 × 120.0 = 120.0 ₽; Боковые швы: 2х2 [OP_044]: 5.4 × 50.0 = 270.0 ₽; Нижний шов: 10х10 [OP_060]: 1.0 × 70.0 = 70.0 ₽; Сборка шторной ленты: Стандарт [OP_043]: 1.0 × 35.0 = 35.0 ₽; Упаковка портьеры: Чехол ПВХ/спандбонд + картон [OP_061]: 1.0 × 130.0 = 130.0 ₽",,625.0,1813.0,1813.0,CALCULATED,Высота изделия с технологическим запасом 10 см помещается в ширину ткани; расход равен ширине изделия + 20 см на каждую штору.
ce8646e4-607b-4961-b449-8877a9a7f226,2026-09-05T14:05:52.173463+00:00,success,,,"{""smoke_test"": true}",curtain,Тристан,100.0,170.0,1,active,Тристан,180,1495,RRC,standard,1.2,1794.0,CURTAIN_BASE,"Крепление портьеры: Шторная лента 6 см белая, без слоя [OP_001]: 1.0 × 120.0 = 120.0 ₽; Боковые швы: 2х2 [OP_044]: 3.4 × 50.0 = 170.0 ₽; Нижний шов: 10х10 [OP_060]: 1.0 × 70.0 = 70.0 ₽; Сборка шторной ленты: Стандарт [OP_043]: 1.0 × 35.0 = 35.0 ₽; Упаковка портьеры: Чехол ПВХ/спандбонд + картон [OP_061]: 1.0 × 130.0 = 130.0 ₽",,525.0,2319.0,2319.0,CALCULATED,Высота изделия с технологическим запасом 10 см помещается в ширину ткани; расход равен ширине изделия + 20 см на каждую штору.
3eb40821-14a2-486e-9329-0fde9a28d100,2026-09-05T14:05:52.173975+00:00,success,,,"{""smoke_test"": true}",curtain,Уолис,100.0,170.0,1,active,Уолис,180,1180,RRC,standard,1.2,1416.0,CURTAIN_BASE,"Крепление портьеры: Шторная лента 6 см белая, без слоя [OP_001]: 1.0 × 120.0 = 120.0 ₽; Боковые швы: 2х2 [OP_044]: 3.4 × 50.0 = 170.0 ₽; Нижний шов: 10х10 [OP_060]: 1.0 × 70.0 = 70.0 ₽; Сборка шторной ленты: Стандарт [OP_043]: 1.0 × 35.0 = 35.0 ₽; Упаковка портьеры: Чехол ПВХ/спандбонд + картон [OP_061]: 1.0 × 130.0 = 130.0 ₽",,525.0,1941.0,1941.0,CALCULATED,Высота изделия с технологическим запасом 10 см помещается в ширину ткани; расход равен ширине изделия + 20 см на каждую штору.
2ca5bdf0-a95a-4a8b-b300-f924d0dc1a96,2026-09-05T14:05:52.174515+00:00,success,,,"{""smoke_test"": true}",curtain,Фиджи,100.0,270.0,1,active,Фиджи,300,1140,RRC,standard,1.2,1368.0,CURTAIN_BASE,"Крепление портьеры: Шторная лента 6 см белая, без слоя [OP_001]: 1.0 × 120.0 = 120.0 ₽; Боковые швы: 2х2 [OP_044]: 5.4 × 50.0 = 270.0 ₽; Нижний шов: 10х10 [OP_060]: 1.0 × 70.0 = 70.0 ₽; Сборка шторной ленты: Стандарт [OP_043]: 1.0 × 35.0 = 35.0 ₽; Упаковка портьеры: Чехол ПВХ/спандбонд + картон [OP_061]: 1.0 × 130.0 = 130.0 ₽",,625.0,1993.0,1993.0,CALCULATED,Высота изделия с технологическим запасом 10 см помещается в ширину ткани; расход равен ширине изделия + 20 см на каждую штору.
6b3b7185-cd45-411d-9db0-0363d761f9c6,2026-09-05T14:05:52.175023+00:00,success,,,"{""smoke_test"": true}",curtain,Фито,100.0,270.0,1,active,Луара,300,2800,RRC,standard,1.2,3360.0,CURTAIN_BASE,"Крепление портьеры: Шторная лента 6 см белая, без слоя [OP_001]: 1.0 × 120.0 = 120.0 ₽; Боковые швы: 2х2 [OP_044]: 5.4 × 50.0 = 270.0 ₽; Нижний шов: 10х10 [OP_060]: 1.0 × 70.0 = 70.0 ₽; Сборка шторной ленты: Стандарт [OP_043]: 1.0 × 35.0 = 35.0 ₽; Упаковка портьеры: Чехол ПВХ/спандбонд + картон [OP_061]: 1.0 × 130.0 = 130.0 ₽",Вышивка по всей площади: Фито (мушки) [OP_068]: 2.7 × 300.0 = 810.0 ₽,625.0,4795.0,4795.0,CALCULATED,Высота изделия с технологическим запасом 10 см помещается в ширину ткани; расход равен ширине изделия + 20 см на каждую штору.
c05b29f6-aba0-4b16-b77a-d8568ddf51f5,2026-09-05T14:05:52.175527+00:00,success,,,"{""smoke_test"": true}",curtain,Флэш,100.0,270.0,1,active,Ибица,300,2835,RRC,standard,1.2,3402.0,CURTAIN_BASE,"Крепление портьеры: Шторная лента 6 см белая, без слоя [OP_001]: 1.0 × 120.0 = 120.0 ₽; Боковые швы: 2х2 [OP_044]: 5.4 × 50.0 = 270.0 ₽; Нижний шов: 10х10 [OP_060]: 1.0 × 70.0 = 70.0 ₽; Сборка шторной ленты: Стандарт [OP_043]: 1.0 × 35.0 = 35.0 ₽; Упаковка портьеры: Чехол ПВХ/спандбонд + картон [OP_061]: 1.0 × 130.0 = 130.0 ₽",Вышивка по всей площади: Флэш [OP_074]: 2.7 × 305.0 = 823.5 ₽,625.0,4850.5,4850.5,CALCULATED,Высота изделия с технологическим запасом 10 см помещается в ширину ткани; расход равен ширине изделия + 20 см на каждую штору.
d6afbf7c-5b81-45f0-9daa-884717c440cd,2026-09-05T14:05:52.176046+00:00,success,,,"{""smoke_test"": true}",curtain,Форест,100.0,270.0,1,active,Форест,280,1165,RRC,standard,1.2,1398.0,CURTAIN_BASE,"Крепление портьеры: Шторная лента 6 см белая, без слоя [OP_001]: 1.0 × 120.0 = 120.0 ₽; Боковые швы: 2х2 [OP_044]: 5.4 × 50.0 = 270.0 ₽; Нижний шов: 10х10 [OP_060]: 1.0 × 70.0 = 70.0 ₽; Сборка шторной ленты: Стандарт [OP_043]: 1.0 × 35.0 = 35.0 ₽; Упаковка портьеры: Чехол ПВХ/спандбонд + картон [OP_061]: 1.0 × 130.0 = 130.0 ₽",,625.0,2023.0,2023.0,CALCULATED,Высота изделия с технологическим запасом 10 см помещается в ширину ткани; расход равен ширине изделия + 20 см на каждую штору.
f32d5168-6b6f-4c58-afae-e62bd6da31ef,2026-09-05T14:05:52.176560+00:00,success,,,"{""smoke_test"": true}",curtain,Хинди,100.0,170.0,1,active,Хинди,180,1510,RRC,standard,1.2,1812.0,CURTAIN_BASE,"Крепление портьеры: Шторная лента 6 см белая, без слоя [OP_001]: 1.0 × 120.0 = 120.0 ₽; Боковые швы: 2х2 [OP_044]: 3.4 × 50.0 = 170.0 ₽; Нижний шов: 10х10 [OP_060]: 1.0 × 70.0 = 70.0 ₽; Сборка шторной ленты: Стандарт [OP_043]: 1.0 × 35.0 = 35.0 ₽; Упаковка портьеры: Чехол ПВХ/спандбонд + картон [OP_061]: 1.0 × 130.0 = 130.0 ₽",,525.0,2337.0,2337.0,CALCULATED,Высота изделия с технологическим запасом 10 см помещается в ширину ткани; расход равен ширине изделия + 20 см на каждую штору.
fae9f49a-be00-48ad-9fe2-b769f1ce99de,2026-09-05T14:05:52.177075+00:00,success,,,"{""smoke_test"": true}",curtain,Шейн,100.0,270.0,1,active,Фиджи,300,1140,RRC,standard,1.2,1368.0,CURTAIN_BASE,"Крепление портьеры: Шторная лента 6 см белая, без слоя [OP_001]: 1.0 × 120.0 = 120.0 ₽; Боковые швы: 2х2 [OP_044]: 5.4 × 50.0 = 270.0 ₽; Нижний шов: 10х10 [OP_060]: 1.0 × 70.0 = 70.0 ₽; Сборка шторной ленты: Стандарт [OP_043]: 1.0 × 35.0 = 35.0 ₽; Упаковка портьеры: Чехол ПВХ/спандбонд + картон [OP_061]: 1.0 × 130.0 = 130.0 ₽",Вышивка с одной стороны: Шейн [OP_098]: 2.7 × 440.0 = 1188.0 ₽,625.0,3181.0,3181.0,CALCULATED,Высота изделия с технологическим запасом 10 см помещается в ширину ткани; расход равен ширине изделия + 20 см на каждую штору.
12d621fa-13f6-4102-8f73-1440c65b066f,2026-09-05T14:05:52.177585+00:00,success,,,"{""smoke_test"": true}",curtain,Шелби,100.0,270.0,1,active,Эйприл,300,390,RRC,standard,1.2,468.0,CURTAIN_BASE,"Крепление портьеры: Шторная лента 6 см белая, без слоя [OP_001]: 1.0 × 120.0 = 120.0 ₽; Боковые швы: 2х2 [OP_044]: 5.4 × 50.0 = 270.0 ₽; Нижний шов: 10х10 [OP_060]: 1.0 × 70.0 = 70.0 ₽; Сборка шторной ленты: Стандарт [OP_043]: 1.0 × 35.0 = 35.0 ₽; Упаковка портьеры: Чехол ПВХ/спандбонд + картон [OP_061]: 1.0 × 130.0 = 130.0 ₽",,625.0,1093.0,1093.0,CALCULATED,Высота изделия с технологическим запасом 10 см помещается в ширину ткани; расход равен ширине изделия + 20 см на каждую штору.
dd0ee915-0a0f-419e-b154-a0a79ee41dda,2026-09-05T14:05:52.178093+00:00,success,,,"{""smoke_test"": true}",curtain,Эзра,100.0,170.0,1,active,Эзра,180,1510,RRC,standard,1.2,1812.0,CURTAIN_BASE,"Крепление портьеры: Шторная лента 6 см белая, без слоя [OP_001]: 1.0 × 120.0 = 120.0 ₽; Боковые швы: 2х2 [OP_044]: 3.4 × 50.0 = 170.0 ₽; Нижний шов: 10х10 [OP_060]: 1.0 × 70.0 = 70.0 ₽; Сборка шторной ленты: Стандарт [OP_043]: 1.0 × 35.0 = 35.0 ₽; Упаковка портьеры: Чехол ПВХ/спандбонд + картон [OP_061]: 1.0 × 130.0 = 130.0 ₽",,525.0,2337.0,2337.0,CALCULATED,Высота изделия с технологическим запасом 10 см помещается в ширину ткани; расход равен ширине изделия + 20 см на каждую штору.
a6663441-9240-4b22-bd87-d6de7f00b242,2026-09-05T14:05:52.178317+00:00,unavailable,PROBLEMATIC_MODEL,Нет привязки к ткани. Расчет временно недоступен. Вышивка «Элис» по всей площади: 1080 ₽/м².,"{""smoke_test"": true}",curtain,Элис,100.0,200.0,1,problematic,,,,,,,,CURTAIN_BASE,,,,,,,
4ce92cbc-e0a2-48f6-a335-453e7ed8115d,2026-09-05T14:06:03.030400+00:00,success,,,"{""report_example"": true}",curtain,Вандер,130.0,280.0,2,active,Вандер,280,1050,RRC,rotated_shared,3.0,3150.0,CURTAIN_BASE,"Крепление портьеры: Шторная лента 6 см белая, без слоя [OP_001]: 2.6 × 120.0 = 312.0 ₽; Боковые швы: 2х2 [OP_044]: 11.2 × 50.0 = 560.0 ₽; Нижний шов: 10х10 [OP_060]: 2.6 × 70.0 = 182.0 ₽; Сборка шторной ленты: Стандарт [OP_043]: 2.6 × 35.0 = 91.0 ₽; Упаковка портьеры: Чехол ПВХ/спандбонд + картон [OP_061]: 2.0 × 130.0 = 260.0 ₽",,1405.0,4555.0,4555.0,CALCULATED,"Высота с запасом не помещается в ширину ткани, поэтому шторы развёрнуты. В одном отрезе помещается 2 шт.; требуется отрезов: 1."
abc3cba3-58f0-4e43-8978-c2d86b1445ae,2026-09-05T14:06:03.031058+00:00,success,,,"{""report_example"": true}",curtain,Каспиан,140.0,270.0,1,active,Каспиан/Довер,280,1470,RRC,standard,1.6,2352.0,CURTAIN_BASE,"Крепление портьеры: Шторная лента 6 см белая, без слоя [OP_001]: 1.4 × 120.0 = 168.0 ₽; Боковые швы: 2х2 [OP_044]: 5.4 × 50.0 = 270.0 ₽; Нижний шов: 10х10 [OP_060]: 1.4 × 70.0 = 98.0 ₽; Сборка шторной ленты: Стандарт [OP_043]: 1.4 × 35.0 = 49.0 ₽; Упаковка портьеры: Чехол ПВХ/спандбонд + картон [OP_061]: 1.0 × 130.0 = 130.0 ₽",,715.0,3067.0,3067.0,CALCULATED,Высота изделия с технологическим запасом 10 см помещается в ширину ткани; расход равен ширине изделия + 20 см на каждую штору.
fc21ba2b-884e-4884-a9e9-67463a445b0c,2026-09-05T14:06:03.031590+00:00,success,,,"{""report_example"": true}",curtain,Фито,100.0,200.0,1,active,Луара,300,2800,RRC,standard,1.2,3360.0,CURTAIN_BASE,"Крепление портьеры: Шторная лента 6 см белая, без слоя [OP_001]: 1.0 × 120.0 = 120.0 ₽; Боковые швы: 2х2 [OP_044]: 4.0 × 50.0 = 200.0 ₽; Нижний шов: 10х10 [OP_060]: 1.0 × 70.0 = 70.0 ₽; Сборка шторной ленты: Стандарт [OP_043]: 1.0 × 35.0 = 35.0 ₽; Упаковка портьеры: Чехол ПВХ/спандбонд + картон [OP_061]: 1.0 × 130.0 = 130.0 ₽",Вышивка по всей площади: Фито (мушки) [OP_068]: 2.0 × 300.0 = 600.0 ₽,555.0,4515.0,4515.0,CALCULATED,Высота изделия с технологическим запасом 10 см помещается в ширину ткани; расход равен ширине изделия + 20 см на каждую штору.
fe6de6c3-ed16-4830-bbda-a85c8b743379,2026-09-05T14:06:03.032251+00:00,success,,,"{""report_example"": true}",roman,Вандер,165.0,180.0,1,active,Вандер,280,1050,RRC,standard,1.75,1837.5,ROMAN_BASE,Пошив римской шторы: Стандартная сборка [OP_106]: 6.9 × 80.0 = 552.0 ₽; Механизм: Стандарт [OP_111]: 1.65 × 2500.0 = 4125.0 ₽; Крепления к механизму: Кулиска + Кольца [OP_115]: 2.97 × 590.0 = 1752.3 ₽; Монтаж римской шторы: Стандарт [OP_117]: 2.97 × 130.0 = 386.1 ₽,,6815.4,8652.9,8652.9,CALCULATED,Расход римской шторы равен её ширине + 10 см на каждое изделие.
488320a7-9b9f-46b7-a5cc-d82616d9a7a2,2026-09-05T14:06:03.033139+00:00,success,,,"{""report_example"": true}",curtain,Сири,100.0,170.0,1,active,Сири,180,1510,RRC,standard,1.2,1812.0,CURTAIN_BASE,"Крепление портьеры: Шторная лента 6 см белая, без слоя [OP_001]: 1.0 × 120.0 = 120.0 ₽; Боковые швы: 2х2 [OP_044]: 3.4 × 50.0 = 170.0 ₽; Нижний шов: 10х10 [OP_060]: 1.0 × 70.0 = 70.0 ₽; Сборка шторной ленты: Стандарт [OP_043]: 1.0 × 35.0 = 35.0 ₽; Упаковка портьеры: Чехол ПВХ/спандбонд + картон [OP_061]: 1.0 × 130.0 = 130.0 ₽",,525.0,2337.0,2337.0,CALCULATED,Высота изделия с технологическим запасом 10 см помещается в ширину ткани; расход равен ширине изделия + 20 см на каждую штору.
